184,175,275,199,173,245
185,172,265,197,176,245
185,164,274,193,179,244
185,163,281,193,178,227
186,163,278,192,177,232
187,163,278,192,177,235
186,170,272,185,168,243
186,177,260,187,174,249
188,175,261,187,174,249
189,175,259,186,171,250
191,177,253,181,165,249
199,162,249,183,169,250
201,178,223,182,162,250
202,177,235,182,163,250
204,179,226,181,164,252
208,171,237,185,160,256
208,172,216,185,160,257
207,172,216,185,165,264
207,171,188,185,164,264
207,169,222,185,163,263
207,168,244,185,163,264
207,168,221,184,164,265
206,167,247,184,164,263
205,167,249,184,166,264
203,166,222,187,160,279
196,172,238,188,156,285
193,172,247,187,156,285
192,174,242,188,157,284
189,177,244,188,157,283
187,177,246,191,158,278
184,176,255,184,174,274
182,174,255,185,174,270
182,174,259,187,176,262
188,163,254,204,170,235
189,167,260,206,175,278
189,168,262,207,176,273
189,172,268,207,177,272
189,170,265,207,176,233
190,174,272,207,175,235
190,170,268,206,174,213
191,169,267,207,171,207
193,158,243,204,178,194
191,161,259,204,171,242
190,161,263,204,170,244
189,163,265,200,172,245
187,163,265,199,171,246
189,165,268,197,173,247
190,160,263,195,175,247
186,174,273,194,174,249
185,174,272,191,178,227
186,171,273,190,177,232
182,172,273,186,165,245
182,176,267,182,175,241
183,176,265,184,172,256
185,175,263,184,170,253
190,166,253,182,170,252
195,168,237,185,162,249
197,167,241,185,162,250
198,174,228,185,157,247
200,173,226,185,156,243
201,175,227,185,156,248
205,175,221,185,160,253
205,176,222,185,158,251
205,174,220,185,152,242
205,174,222,186,151,239
205,174,203,186,148,238
205,172,228,187,147,237
204,171,229,187,146,239
204,171,233,188,146,239
204,170,233,189,146,240
195,172,246,183,169,286
192,173,251,183,177,281
191,174,252,188,153,285
188,179,253,189,160,278
186,178,256,190,160,277
184,174,255,191,161,274
183,174,257,185,175,274
182,174,257,186,176,275
180,171,256,187,174,269
185,161,251,196,179,243
184,161,252,199,175,243
185,151,238,201,175,247
185,152,240,204,173,230
186,153,240,206,179,254
186,152,239,207,176,260
187,150,234,208,176,263
187,151,237,208,176,235
188,150,235,209,170,202
190,143,239,206,169,244
191,143,238,205,169,245
191,153,265,202,171,246
192,146,241,200,172,247
193,148,249,197,175,247
193,146,237,196,172,223
192,148,240,192,176,228
192,149,240,192,176,230
188,167,260,189,176,241
183,172,276,185,174,245
183,175,270,184,172,250
192,165,255,181,171,257
196,162,253,183,159,239
199,172,227,183,163,248
200,176,229,183,163,249
201,178,232,185,153,238
202,176,225,185,162,253
203,177,230,185,160,250
205,177,221,184,168,262
206,171,224,184,159,247
207,178,226,184,150,232
208,171,218,187,164,263
208,171,219,185,171,271
207,169,242,185,174,276
207,168,220,185,173,276
207,167,222,185,174,277
205,167,246,186,174,277
205,166,248,186,174,276
203,165,250,188,175,270
201,164,229,187,174,278
194,167,242,183,160,283
191,170,243,187,153,286
187,175,248,187,154,284
186,175,246,188,152,284
185,176,249,189,154,280
183,175,252,184,170,278
182,174,256,184,169,276
182,174,258,186,170,268
183,166,246,188,171,261
184,164,247,190,174,250
185,159,246,194,178,238
187,162,253,199,177,229
187,163,253,201,176,228
188,155,242,204,173,234
190,162,258,204,170,221
190,162,260,206,176,234
189,164,262,206,177,233
190,170,269,203,178,224
189,162,251,203,179,234
190,166,254,204,173,192
189,162,252,205,172,187
188,162,255,205,173,188
187,156,260,205,172,241
187,157,265,204,175,239
189,151,261,204,173,242
189,151,261,203,174,242
189,135,228,202,174,226
187,149,233,201,172,233
187,157,253,201,172,235
190,142,262,199,172,236
191,142,262,197,173,240
187,148,260,197,173,240
183,171,273,196,173,243
185,174,288,196,172,245
186,169,290,196,172,246
187,169,296,195,171,245
186,155,293,187,173,244
191,153,282,186,160,242
191,163,272,187,146,218
192,163,271,186,138,212
186,179,268,185,155,229
185,177,257,183,155,226
186,175,252,183,151,230
189,176,254,181,148,226
193,179,248,180,147,225
196,179,245,181,157,236
199,175,235,181,154,234
201,176,235,181,147,213
205,174,234,181,145,217
206,173,242,182,155,242
207,174,239,181,144,214
208,174,245,182,153,236
208,171,223,183,150,237
208,170,256,183,159,252
208,170,222,184,150,241
208,172,252,184,158,253
208,178,226,185,149,241
208,178,226,185,158,255
207,176,232,185,144,253
207,174,227,186,145,255
207,171,238,186,145,255
209,167,231,187,145,255
209,165,238,188,139,250
207,166,240,187,146,256
204,168,242,185,156,263
200,171,243,186,156,262
198,172,245,181,168,269
186,153,224,181,167,267
186,153,222,181,163,266
186,154,235,202,148,273
186,145,217,202,152,270
185,146,219,191,178,252
184,161,236,192,172,242
182,155,228,193,167,236
182,154,228,194,165,229
181,154,229,195,155,244
189,150,266,200,174,233
187,136,273,197,177,234
189,150,243,195,177,235
189,149,254,194,175,239
185,162,264,192,170,236
185,161,263,190,156,233
185,164,261,190,157,233
185,162,251,189,146,226
187,172,267,188,149,226
189,174,261,188,150,208
189,172,253,187,154,288
207,170,230,186,152,259
206,169,243,187,143,229
205,170,235,187,144,231
203,171,222,188,148,239
202,173,227,188,148,239
200,174,230,188,147,238
198,176,231,188,148,238
196,177,229,188,152,242
190,170,232,188,154,244
189,171,235,189,165,272
191,178,243,189,162,277
190,177,246,188,165,253
190,172,256,187,167,252
187,176,254,188,176,262
185,179,253,188,174,260
184,176,252,190,170,252
183,175,253,191,166,245
183,173,254,197,174,243
182,171,253,194,156,240
185,169,259,206,175,249
187,155,252,206,173,226
189,162,259,206,177,234
189,159,252,206,178,231
188,161,250,206,175,197
189,166,250,206,176,187
190,151,259,207,177,236
190,151,259,204,178,236
190,151,261,206,173,240
191,151,262,202,172,245
191,140,230,200,172,222
193,140,228,194,178,225
192,144,237,194,173,226
188,163,268,191,177,240
189,167,272,190,173,235
189,165,273,189,157,233
190,161,275,189,158,236
191,162,274,187,152,217
201,168,220,184,160,240
201,175,218,184,160,243
202,174,232,185,159,242
205,173,223,185,163,252
206,175,220,185,163,254
209,171,225,185,165,257
209,174,236,185,157,248
209,170,213,186,149,235
208,171,198,186,148,234
207,171,198,188,149,239
205,170,226,190,149,242
204,168,246,191,149,243
204,167,247,190,163,261
203,168,247,191,151,246
201,170,248,191,152,246
199,171,222,189,154,295
197,172,227,193,148,290
196,173,232,192,148,288
193,174,235,191,149,288
191,174,233,187,157,289
184,166,250,188,173,266
183,166,248,189,175,261
182,165,243,190,175,253
181,164,245,192,170,243
180,161,244,197,176,246
182,156,241,200,174,240
182,164,249,201,173,264
184,152,237,203,173,248
185,155,239,204,175,217
186,153,235,206,176,227
187,152,233,207,178,215
187,152,233,207,175,200
188,147,226,207,174,197
189,150,246,207,172,195
190,143,235,207,171,242
190,151,249,206,170,243
191,151,250,206,168,245
191,163,272,205,167,247
192,159,253,191,173,234
191,160,251,190,173,238
188,170,262,189,164,243
188,162,250,190,166,246
188,160,245,189,169,249
184,172,268,186,175,249
186,175,257,185,173,251
187,174,256,185,169,246
195,165,241,185,168,250
202,174,225,184,168,255
204,173,224,182,168,255
206,174,223,184,159,246
207,174,222,183,161,246
208,174,222,182,160,250
209,171,223,183,156,261
209,170,224,183,160,254
210,168,228,183,160,254
209,169,230,183,158,253
203,170,228,186,149,239
202,170,235,187,164,261
199,173,242,187,160,255
197,174,243,188,160,255
195,175,246,184,171,282
192,177,249,190,162,276
190,175,241,187,157,291
188,176,247,187,157,291
187,174,247,187,157,291
183,161,246,193,164,267
182,157,237,185,177,270
183,148,231,197,160,261
182,149,230,188,174,262
181,161,239,191,175,253
183,157,239,192,172,245
183,156,238,193,177,241
183,160,244,200,176,235
185,150,231,203,178,239
187,154,246,208,173,191
188,145,262,208,177,230
188,147,256,208,172,239
188,136,257,209,172,239
188,135,258,209,170,241
189,134,239,209,169,242
190,140,234,208,168,244
197,154,284,206,167,247
193,160,278,205,166,248
192,166,270,203,165,222
191,162,275,194,175,237
192,160,275,189,159,234
193,161,273,191,178,240
186,169,276,190,178,243
186,176,260,188,177,251
187,177,258,186,176,254
188,175,256,184,173,254
191,176,244,183,172,254
199,162,241,182,172,254
206,178,234,184,159,248
208,174,236,184,159,247
209,175,235,184,158,246
209,175,234,184,157,246
209,179,232,184,151,237
208,168,226,185,150,239
208,169,242,186,162,259
208,171,241,186,145,232
206,170,243,188,145,233
203,168,224,189,164,263
202,168,230,190,164,263
199,172,230,190,171,270
197,171,234,189,175,273
194,174,229,189,174,271
192,173,232,189,162,256
192,171,239,188,165,259
189,165,245,187,170,266
195,162,244,187,169,262
195,161,250,184,165,276
186,144,223,199,177,243
186,161,252,203,176,231
187,151,231,203,177,232
187,152,233,204,178,232
186,150,225,205,179,231
187,164,252,206,175,216
187,144,220,206,177,233
188,148,226,207,170,241
188,146,224,206,171,240
187,164,270,194,173,229
182,175,278,189,172,229
186,167,260,186,161,233
185,173,278,186,162,234
191,163,264,186,164,239
183,177,267,185,165,243
183,178,265,184,159,229
183,179,262,183,159,228
184,179,257,183,158,223
190,169,259,183,151,229
194,175,239,184,150,215
196,177,234,184,148,213
199,176,235,184,155,234
201,178,229,184,149,219
202,178,231,184,148,218
204,179,237,184,155,239
206,179,236,184,155,242
206,179,231,185,154,240
207,179,233,185,153,239
207,178,228,186,145,224
206,170,229,187,142,227
206,171,242,188,149,258
205,171,242,189,150,259
205,169,222,189,150,244
204,169,228,190,156,253
203,169,231,190,155,252
201,168,237,191,154,251
199,171,239,183,174,277
197,171,243,187,167,274
194,174,244,186,168,273
185,172,251,191,157,275
187,178,245,185,171,278
183,168,247,185,173,273
183,150,228,186,175,267
183,167,247,187,174,262
182,166,246,189,176,254
182,165,243,191,176,250
182,157,237,191,166,236
183,154,236,197,175,229
184,154,235,201,178,239
185,155,234,203,179,220
188,151,234,205,172,239
188,141,220,206,172,255
189,144,220,206,176,229
189,144,220,206,176,234
189,156,244,206,171,190
190,145,221,206,171,239
190,144,234,206,171,240
190,142,219,206,169,242
190,155,245,206,170,242
190,145,225,205,168,244
191,140,216,205,168,246
191,139,228,203,168,247
192,139,234,202,168,223
193,138,224,199,170,225
191,155,264,197,172,221
191,146,234,193,177,227
192,146,234,192,177,230
192,147,233,191,176,235
190,158,251,190,176,238
184,167,271,191,173,243
183,171,275,188,177,247
183,177,262,186,179,249
184,176,261,185,179,255
186,175,259,182,161,250
195,158,258,181,168,246
196,167,238,181,170,248
198,170,229,181,173,259
200,170,220,181,173,258
202,173,227,181,172,258
204,175,220,183,172,260
206,175,219,183,171,261
206,175,222,184,172,262
208,174,223,184,171,263
208,172,208,184,171,265
208,169,221,185,171,268
208,169,222,186,169,267
207,168,225,186,169,267
207,167,229,185,172,269
207,167,246,185,171,266
205,168,246,186,173,271
203,169,247,186,174,272
202,170,228,185,174,271
199,173,230,189,169,272
197,174,236,189,163,277
195,174,239,188,163,278
193,175,240,188,162,277
192,176,238,186,168,279
191,176,240,187,171,281
190,175,241,187,168,278
184,163,243,193,162,268
184,171,253,193,161,268
182,170,250,187,174,267
183,163,240,188,173,262
182,164,241,189,173,252
181,167,247,192,173,251
183,176,250,193,169,246
184,152,230,199,174,244
184,153,233,200,169,243
185,154,237,205,179,252
186,156,239,206,177,230
186,155,238,207,178,234
189,152,237,208,179,231
189,152,256,208,175,229
189,152,256,208,172,215
190,151,257,208,172,194
190,140,213,208,170,241
191,149,257,207,171,241
190,160,259,207,170,242
191,160,250,206,168,245
191,160,261,205,166,247
190,161,261,207,164,248
190,165,266,201,167,224
190,166,267,199,170,228
191,166,267,195,175,224
185,167,275,193,175,230
186,166,274,192,175,234
188,163,274,190,170,253
186,168,280,188,174,250
184,173,263,187,174,251
188,173,265,187,175,252
188,171,241,186,175,250
189,172,252,184,175,252
199,155,252,185,169,248
201,154,260,185,169,249
203,169,220,185,168,249
205,171,225,187,160,241
206,173,237,187,164,250
207,174,232,187,167,254
208,172,216,189,165,254
209,171,214,188,166,254
210,170,219,185,172,264
209,168,214,185,172,264
208,170,212,184,173,273
207,169,204,184,172,272
207,169,193,185,172,274
207,165,246,185,172,276
205,167,246,186,172,277
204,167,247,187,171,279
202,168,223,187,170,280
200,168,250,188,169,282
198,171,249,187,167,283
196,172,250,189,169,285
191,178,225,191,173,275
189,177,231,192,173,275
188,177,235,191,164,256
187,176,239,191,161,271
185,167,242,190,162,270
185,174,239,186,174,268
183,171,246,181,166,282
183,171,248,182,174,270
183,174,253,183,172,270
183,174,255,185,172,265
184,165,242,187,172,261
184,169,253,188,175,250
184,161,243,194,171,244
184,167,250,197,176,235
181,177,257,200,177,237
186,169,255,202,177,232
186,170,260,203,173,228
187,169,260,204,173,228
187,171,264,205,178,233
187,171,264,206,179,232
188,168,259,207,178,231
189,165,265,207,178,231
190,158,260,207,173,192
188,161,223,206,179,217
187,161,244,206,175,239
188,160,252,205,174,240
188,160,252,205,173,241
188,161,250,205,171,243
188,161,243,205,167,247
188,162,242,201,166,244
192,169,278,200,167,233
190,150,257,197,172,247
191,141,222,193,177,232
191,144,229,192,177,235
191,149,236,192,176,235
190,160,252,189,161,236
192,155,276,192,169,241
192,157,274,187,166,241
185,170,273,187,179,247
185,173,266,186,178,254
188,173,258,183,173,245
194,173,239,182,171,246
197,170,239,181,174,261
199,168,240,181,172,259
202,177,227,181,172,260
204,176,226,185,155,240
205,179,230,184,156,240
205,177,231,183,156,241
207,178,224,183,156,240
208,180,219,183,163,255
208,173,226,185,157,250
208,172,226,185,155,247
208,168,233,187,160,256
206,165,248,188,161,258
204,169,221,189,149,240
202,169,226,190,149,240
199,169,237,191,149,237
194,174,242,189,176,271
191,175,244,190,173,268
189,174,243,190,175,271
187,163,244,190,174,268
186,164,247,189,153,277
187,151,233,190,162,270
186,162,243,191,161,274
186,165,246,192,164,265
186,159,241,192,165,264
185,163,236,188,173,253
184,176,252,188,176,237
184,176,255,201,172,225
183,175,256,200,180,245
187,166,251,203,177,231
189,151,231,204,176,230
189,152,233,204,175,232
189,148,221,205,179,232
189,146,220,206,177,232
190,145,217,206,175,234
191,142,217,206,172,199
191,141,216,205,174,208
191,162,255,205,171,242
191,162,254,204,171,242
191,165,258,204,170,243
191,166,257,203,169,245
191,166,259,202,170,246
191,166,268,200,170,247
192,162,265,199,171,248
192,161,264,194,176,244
185,169,273,195,171,246
189,165,272,192,177,246
190,158,251,191,177,225
190,162,255,192,174,228
185,169,279,190,178,234
184,174,272,185,168,239
184,173,271,185,170,242
185,173,265,184,172,246
187,173,256,182,172,249
193,162,256,183,165,245
196,168,237,184,157,233
198,167,238,184,158,241
199,174,232,185,157,236
200,175,225,186,156,240
202,176,226,186,156,241
204,175,223,186,156,241
205,175,220,187,156,239
206,174,219,187,149,234
206,173,218,188,156,246
206,173,213,189,148,235
205,172,192,190,145,230
205,172,213,190,158,254
205,171,216,191,146,236
204,170,244,191,144,233
204,170,245,191,143,230
203,170,246,191,144,231
199,174,245,191,158,254
198,176,224,191,156,252
195,179,245,191,163,259
194,176,225,183,171,286
187,166,228,189,157,281
189,171,228,189,151,285
187,166,236,187,154,287
187,166,238,190,157,277
187,166,244,191,156,277
185,168,246,191,162,268
185,170,249,187,167,273
185,172,252,187,172,262
183,171,251,190,175,245
184,154,235,192,173,240
183,164,246,198,175,227
183,177,258,201,175,225
183,172,255,202,175,218
184,167,257,204,174,228
184,175,265,205,174,239
188,157,240,206,177,233
189,158,242,206,176,236
190,159,245,206,174,208
190,134,262,204,176,196
191,133,221,205,168,245
192,132,222,201,173,244
191,139,229,200,171,247
192,140,259,200,172,247
192,156,267,195,171,243
191,160,255,195,170,245
190,143,274,192,172,244
189,152,233,189,162,229
189,159,246,189,163,232
189,159,245,189,165,238
188,153,231,188,169,245
185,171,263,185,178,245
186,160,274,185,173,249
187,174,256,185,173,250
192,171,239,182,171,250
197,164,232,182,171,252
200,171,231,184,164,250
201,179,218,185,155,245
203,177,218,184,168,258
205,176,217,184,165,251
206,176,218,186,155,252
207,174,218,185,162,252
207,173,218,184,163,255
208,172,219,184,166,258
208,171,220,184,165,257
207,167,227,185,164,256
207,166,246,185,166,262
205,168,245,185,171,268
204,168,247,186,171,268
204,167,248,186,172,270
201,168,249,186,170,266
200,169,249,194,157,289
195,176,223,190,159,281
195,174,228,190,157,282
193,174,230,190,152,285
193,172,235,190,152,284
192,171,239,190,159,276
192,167,246,188,162,283
191,168,245,193,156,273
184,167,244,193,158,270
184,171,252,187,170,266
184,172,250,187,172,255
183,171,249,188,172,251
183,159,237,190,174,249
183,157,236,190,167,246
184,155,235,192,167,238
184,161,244,200,174,238
186,146,215,201,177,234
187,158,242,205,178,232
187,149,221,205,177,232
187,157,242,206,177,231
188,156,240,207,169,221
188,150,226,207,174,231
189,148,223,207,175,232
192,150,258,207,174,196
192,166,262,206,173,193
192,164,259,206,173,189
191,164,266,206,172,241
191,164,259,205,171,242
192,159,254,204,169,245
188,166,254,202,170,246
189,166,264,201,168,249
191,171,263,196,171,250
183,175,283,193,177,247
185,161,278,192,176,229
185,165,273,191,176,229
186,164,273,190,176,232
182,169,284,190,172,237
182,169,282,187,166,240
182,170,279,186,167,240
182,170,274,185,169,241
196,166,233,186,165,245
197,167,229,186,165,247
198,175,215,187,164,247
199,175,218,189,153,230
201,178,215,189,156,235
202,179,240,189,156,232
204,178,224,190,147,233
205,175,214,190,144,231
205,175,215,191,145,224
203,174,211,192,148,262
203,172,216,192,150,245
203,171,243,193,149,244
203,169,220,193,127,257
203,167,247,193,133,268
202,165,249,194,128,258
201,165,251,194,127,257
199,167,229,194,128,254
197,167,233,186,148,263
195,169,236,188,166,273
191,172,228,192,172,278
189,173,234,192,172,275
186,176,237,192,171,273
183,176,241,183,166,279
183,173,243,183,166,278
183,172,246,184,167,273
185,167,243,186,167,265
185,167,248,190,167,257
186,167,251,191,168,251
186,165,250,193,173,238
187,163,249,196,174,230
187,163,249,198,177,231
188,165,251,200,178,232
188,168,256,201,174,229
191,167,260,203,176,230
191,164,262,203,176,229
191,160,262,204,177,230
191,171,271,204,179,231
192,159,244,205,173,208
191,164,268,204,171,197
191,168,288,203,174,190
191,168,288,205,168,243
192,167,287,205,168,244
192,167,286,201,173,243
193,167,286,200,171,245
194,166,286,199,171,247
194,166,286,196,175,247
193,155,266,194,175,223
192,156,266,192,178,226
192,153,244,190,178,225
191,153,243,189,177,229
191,154,243,187,174,229
191,143,232,186,164,234
190,145,233,186,164,234
190,154,238,185,164,239
189,145,232,185,164,240
184,179,257,183,167,243
186,174,256,182,158,236
187,173,256,184,163,239
196,170,240,184,155,230
197,172,231,184,161,242
199,172,225,184,159,242
200,177,224,186,160,249
201,178,228,186,152,233
202,177,228,185,153,235
203,177,226,187,153,229
204,176,229,186,147,232
204,175,227,186,151,237
204,176,228,187,151,238
204,171,234,187,152,240
204,171,243,188,147,231
204,170,244,189,144,228
203,171,223,189,153,245
202,171,238,189,146,232
203,171,242,188,153,262
201,172,240,189,152,262
199,173,239,189,152,263
196,176,242,190,152,263
194,178,244,189,150,266
191,178,247,189,157,267
189,176,241,186,173,278
188,175,236,187,175,269
187,179,245,186,177,269
185,178,256,186,175,269
184,179,256,187,172,260
180,173,253,188,173,252
184,162,243,191,172,243
184,164,253,202,177,229
185,176,258,202,179,227
184,166,255,204,177,231
186,164,251,205,174,228
188,160,249,207,176,227
188,161,249,208,177,228
190,157,250,208,177,228
189,158,249,207,177,230
191,147,256,207,177,230
190,162,254,208,173,188
190,157,256,204,177,238
190,163,263,204,175,239
191,161,267,203,174,242
190,144,239,203,172,244
190,156,261,201,172,245
187,164,260,200,172,226
188,164,261,198,173,231
187,172,269,195,170,227
189,159,266,194,171,233
188,160,266,190,171,233
187,163,267,192,173,238
191,161,272,187,163,236
183,172,277,188,177,243
183,174,273,188,178,246
183,176,252,187,178,256
185,178,255,184,176,254
186,178,254,183,174,254
191,175,243,182,174,255
198,169,233,181,172,255
199,175,225,180,171,255
201,176,223,184,152,227
203,178,228,184,153,230
207,180,227,184,154,236
208,179,225,185,147,230
209,179,228,185,155,246
209,169,229,186,149,235
208,169,228,187,149,237
208,169,228,187,146,233
208,168,231,188,152,261
206,168,246,190,151,261
204,169,246,190,151,261
203,170,224,190,152,263
198,175,231,192,152,264
196,177,236,191,153,264
194,178,240,191,155,266
191,168,228,190,156,267
187,162,237,190,158,250
192,168,241,189,143,231
189,173,242,186,177,264
188,172,253,195,159,267
185,165,240,195,159,266
185,166,241,195,162,262
184,159,230,189,171,253
184,158,230,189,172,250
184,163,246,190,166,242
185,151,229,201,175,234
184,164,247,202,179,234
189,153,236,203,172,226
188,148,221,204,173,226
192,150,255,205,175,212
192,139,215,205,172,189
190,163,255,204,171,243
189,162,263,205,170,243
188,164,256,204,169,245
189,163,256,202,171,246
190,164,265,196,175,221
190,165,266,194,176,247
187,168,274,193,175,224
187,168,274,194,171,229
186,171,275,188,161,227
185,160,253,188,162,233
185,165,260,188,163,235
186,163,257,187,169,245
186,173,258,185,178,244
187,174,255,184,170,239
188,173,253,184,159,242
195,170,241,183,158,250
196,173,233,183,168,248
200,179,224,184,156,234
202,179,225,184,156,238
203,179,226,185,155,231
205,179,224,186,156,237
207,178,225,184,155,233
207,177,221,184,155,231
207,176,210,185,151,236
207,174,220,186,149,233
206,173,205,186,148,234
206,173,220,187,147,231
206,173,225,187,147,233
205,172,226,188,147,234
205,171,229,188,146,233
204,170,230,189,156,249
204,170,246,188,146,233
203,170,223,189,150,240
199,172,239,191,154,247
196,173,241,191,156,250
192,178,235,191,160,255
190,178,236,190,163,256
188,178,240,188,158,242
186,176,243,184,163,282
184,169,245,194,153,272
183,171,250,186,164,280
182,165,252,187,169,267
182,175,255,188,170,263
182,173,252,189,173,252
183,172,251,191,170,251
185,156,236,192,174,239
183,169,251,202,172,236
184,175,258,203,178,241
187,160,244,207,176,248
188,166,256,207,177,233
188,167,261,208,178,232
189,165,259,209,177,233
190,165,258,209,177,232
190,163,256,208,178,232
190,162,255,207,170,204
191,163,255,206,172,192
191,163,255,205,172,195
191,169,271,204,173,192
191,162,263,203,173,243
190,162,263,202,172,245
190,163,263,201,172,246
191,163,263,199,173,247
191,164,264,196,172,242
188,165,271,193,174,228
188,170,272,192,174,231
188,168,268,190,159,225
187,168,267,190,159,227
188,156,247,190,162,233
188,155,246,188,140,243
187,156,243,188,146,245
189,172,249,188,147,238
190,173,242,184,157,249
196,174,230,185,158,245
200,172,219,184,168,248
202,174,220,183,165,247
204,174,230,182,166,249
205,175,227,184,160,242
206,174,230,185,161,245
208,174,225,184,157,232
209,174,219,184,161,251
209,174,221,184,159,258
208,172,225,186,147,226
208,171,197,185,161,259
208,169,226,185,162,259
207,168,227,185,162,260
207,165,230,185,162,261
205,166,247,186,163,260
203,167,248,186,163,261
199,169,230,185,167,264
195,171,233,186,171,284
193,173,234,184,168,271
189,178,235,187,166,275
183,167,240,187,167,273
183,168,244,187,166,272
182,172,253,189,167,266
182,169,249,192,158,270
183,169,249,194,157,268
182,170,251,186,173,264
183,168,250,188,175,258
184,158,241,195,172,243
187,151,237,202,162,248
188,153,237,203,179,242
188,154,237,204,176,231
189,153,230,205,178,231
190,151,228,206,180,232
190,150,226,207,180,232
191,150,227,207,179,232
191,150,225,207,179,232
192,150,228,207,171,240
192,149,227,206,172,203
193,167,266,205,173,190
192,165,264,205,171,243
193,164,268,203,168,247
194,164,269,198,175,245
195,164,270,195,173,247
194,158,250,192,172,245
189,156,276,189,162,220
188,150,280,189,164,239
190,157,269,189,153,218
182,173,258,187,166,238
185,169,258,186,168,242
186,169,253,185,168,243
190,166,245,185,159,258
199,167,224,186,165,246
201,173,223,185,163,240
203,173,216,188,151,235
205,173,215,187,158,245
206,173,215,187,160,248
207,173,220,186,161,248
207,171,218,188,147,227
207,166,225,188,146,226
207,166,245,188,155,246
206,166,221,188,150,239
206,165,223,189,151,243
205,163,229,189,149,238
204,164,230,190,147,236
202,165,232,191,148,237
188,172,228,190,155,242
188,173,234,184,174,281
186,173,238,189,165,272
184,172,247,185,169,282
183,170,245,185,171,281
182,170,248,184,170,281
182,170,247,185,168,276
182,171,248,187,169,267
183,169,245,188,173,256
184,167,252,194,173,240
184,167,250,196,172,236
185,165,249,198,177,233
188,156,235,201,177,241
188,152,228,202,177,233
188,158,242,203,177,231
189,155,233,204,177,231
189,164,262,205,178,231
189,164,262,205,178,231
190,163,259,204,172,205
190,163,265,204,172,204
190,163,265,204,173,204
192,159,266,203,172,243
191,161,265,203,171,244
192,161,268,202,169,247
193,162,270,198,172,226
194,159,268,195,177,228
186,174,278,192,170,224
185,175,279,191,173,231
185,170,274,189,164,236
185,171,270,188,165,240
182,168,281,188,167,242
182,168,280,187,168,243
182,172,266,187,164,238
183,172,263,187,155,221
185,173,257,187,144,239
188,170,257,185,156,234
196,166,242,185,162,246
197,174,228,185,164,246
198,178,222,182,168,251
200,178,226,181,169,253
203,178,224,181,167,250
205,178,225,182,166,250
206,178,226,183,165,244
207,178,224,183,165,245
208,176,224,184,165,256
207,173,217,184,167,258
208,172,218,185,166,258
208,170,241,185,165,258
209,168,243,185,168,264
208,166,245,185,167,264
208,164,225,186,167,265
208,164,247,185,169,267
204,168,247,185,170,267
189,170,233,184,166,289
188,171,241,189,149,287
188,171,243,184,171,283
187,165,240,191,162,272
187,168,247,191,162,271
185,166,245,191,162,270
184,167,248,186,171,273
183,171,254,186,174,263
182,164,242,188,176,257
184,160,244,196,178,243
185,152,236,200,175,235
187,155,237,202,174,229
187,154,237,204,175,229
187,151,225,205,176,229
188,149,223,205,177,229
190,161,257,206,176,228
190,161,257,206,176,228
190,164,262,207,178,231
190,163,263,206,171,214
191,163,262,206,171,194
191,162,258,206,170,243
191,162,257,206,168,244
191,162,265,205,167,246
192,162,265,203,168,247
196,141,297,202,169,247
194,143,297,199,172,247
187,159,289,196,170,231
189,160,271,187,163,235
186,164,286,186,172,238
185,167,282,185,172,243
183,171,262,184,170,256
183,173,258,186,163,235
186,170,257,185,163,240
187,172,254,185,157,257
195,168,245,185,170,253
196,173,239,185,167,249
198,176,224,186,164,242
204,175,226,186,159,252
206,175,227,185,158,250
208,172,223,184,158,255
209,172,222,184,156,256
209,171,219,183,163,257
209,170,207,183,164,259
209,168,197,183,164,260
209,167,243,184,168,266
208,166,245,184,165,262
208,164,246,184,165,261
207,164,248,185,165,263
202,167,249,189,154,266
199,170,250,189,156,267
196,170,225,187,160,269
194,173,229,183,176,278
190,177,225,184,176,279
189,176,228,184,176,280
185,168,233,192,163,267
185,166,243,192,161,270
184,167,246,192,159,268
184,169,250,193,156,269
183,170,250,187,169,270
184,168,250,189,170,254
185,157,245,192,170,250
185,156,245,195,169,239
186,156,243,196,173,234
188,160,247,200,175,235
190,153,238,202,177,235
189,154,238,204,173,222
190,152,228,205,176,229
190,151,228,206,177,229
191,149,226,207,178,229
191,167,263,205,173,210
192,173,267,204,173,192
192,170,268,203,173,243
193,160,257,199,174,246
191,175,282,194,175,244
191,164,273,191,173,237
191,159,250,183,173,254
195,158,250,184,170,250
197,167,225,186,165,245
199,171,216,186,165,246
202,174,215,185,167,249
204,173,217,185,167,257
205,174,231,184,168,254
205,173,220,184,172,260
207,171,207,185,164,259
207,171,213,186,163,251
207,165,218,186,163,260
206,167,190,186,162,259
207,163,248,187,164,263
206,164,218,187,164,263
205,165,249,187,166,267
202,167,248,186,173,273
200,169,250,184,172,268
197,172,248,182,174,268
194,174,222,183,170,270
192,174,231,191,161,280
184,168,238,190,168,272
183,169,241,189,164,274
183,171,242,186,166,282
183,173,245,193,154,269
182,173,249,193,154,270
180,172,250,184,172,270
183,169,249,186,176,253
183,168,249,191,171,250
184,165,246,193,178,235
184,169,249,197,175,230
186,162,247,199,177,238
181,175,254,200,173,230
181,177,256,202,174,229
182,177,259,204,176,232
187,162,254,205,173,226
187,161,256,206,172,211
186,161,256,207,169,215
184,167,262,207,165,244
183,169,266,208,165,222
183,168,261,208,164,223
183,168,264,208,162,248
184,173,270,206,164,247
184,173,267,205,164,248
184,170,265,204,165,233
184,173,268,201,168,229
183,177,267,200,167,232
182,173,263,196,174,231
181,166,279,193,177,234
182,167,285,190,176,246
188,168,268,186,166,240
188,165,271,185,166,242
189,166,268,185,152,228
184,176,274,182,164,240
184,177,268,182,164,243
184,178,264,182,164,242
186,177,259,181,163,251
189,174,258,180,162,251
195,169,248,181,161,251
196,170,244,182,164,252
199,176,226,182,163,253
201,179,222,182,144,225
204,179,225,182,145,226
207,178,223,185,143,227
207,179,220,184,144,221
210,170,233,185,143,225
211,170,225,185,144,227
210,170,231,185,150,257
208,172,231,185,149,257
205,174,237,186,152,262
201,176,240,186,150,261
188,173,252,187,156,264
188,166,237,186,158,265
187,174,253,180,170,268
185,169,245,188,172,272
184,173,262,190,177,259
184,143,212,204,171,255
187,160,250,209,176,229
187,161,254,209,176,228
188,160,251,209,176,228
188,149,257,210,176,227
191,152,255,210,175,227
190,147,255,209,172,225
190,147,256,209,174,228
190,145,254,208,174,228
190,150,271,209,172,239
191,149,271,204,177,238
192,149,271,203,176,240
192,148,272,204,171,244
192,141,252,203,171,245
190,151,259,200,172,246
188,165,278,196,173,223
187,170,273,192,177,234
188,170,271,192,177,234
189,167,270,193,174,238
191,163,272,189,172,234
184,170,279,189,172,239
185,172,276,186,152,260
185,173,270,185,165,237
187,177,256,185,163,233
189,175,256,184,162,234
195,166,246,183,164,241
197,174,237,183,161,239
198,176,230,183,159,237
201,180,230,183,156,237
203,178,230,183,156,237
204,179,229,184,157,240
205,180,228,184,157,239
207,178,230,184,158,242
207,178,227,185,156,241
207,178,224,185,150,221
208,172,224,185,158,245
210,167,222,187,145,225
206,170,233,188,142,224
208,165,229,188,143,227
204,171,235,188,142,227
202,171,224,189,143,229
200,172,232,189,143,228
199,173,236,189,152,263
196,175,238,190,152,263
189,174,238,185,164,287
188,173,238,190,155,282
187,177,239,187,158,287
187,177,240,193,148,281
184,158,231,193,160,270
183,168,253,187,176,264
183,178,256,188,172,259
182,177,256,191,173,250
184,163,247,192,173,246
181,174,254,192,159,241
187,150,226,205,175,257
187,150,227,205,176,258
191,150,252,206,171,224
191,150,253,207,175,227
191,157,254,207,174,226
192,158,252,206,174,195
192,158,260,206,173,240
192,159,252,206,173,241
190,159,259,206,169,244
189,161,261,204,170,245
189,162,265,204,169,246
191,161,267,202,169,248
192,161,268,196,170,228
190,153,244,196,170,231
190,156,247,196,171,235
189,158,249,193,175,238
186,175,262,187,177,244
187,176,256,186,175,251
194,172,247,184,157,257
198,170,237,185,157,229
200,177,228,185,157,234
202,176,225,185,156,233
204,177,223,186,158,244
206,177,223,185,160,249
208,169,242,186,148,234
207,171,228,186,147,233
207,171,197,187,146,231
206,165,248,189,142,228
205,166,247,190,142,229
200,163,238,192,151,262
197,166,242,189,152,264
196,169,233,188,167,276
191,174,241,191,155,245
189,174,241,192,153,265
188,176,239,183,174,277
185,168,245,184,171,278
183,179,244,192,158,270
184,172,251,184,169,278
184,173,253,184,168,276
182,176,250,188,168,267
185,167,250,190,172,260
185,160,238,192,173,250
187,160,244,195,175,238
184,172,253,199,176,236
183,172,256,201,179,231
185,164,259,203,177,231
189,157,238,203,173,227
189,148,218,204,176,230
189,163,247,205,179,232
189,162,247,205,179,231
191,160,250,206,177,230
191,159,247,205,178,231
192,158,241,205,173,207
192,157,246,204,174,198
192,157,246,203,174,242
193,156,246,202,173,243
189,159,238,201,173,245
192,155,255,200,172,246
193,155,254,197,175,244
192,156,254,194,174,243
192,148,240,193,175,234
188,142,272,191,173,227
189,156,244,190,162,228
189,152,231,189,165,235
189,142,228,195,166,246
190,144,232,188,172,295
188,174,253,186,173,309
189,174,252,186,173,308
195,170,241,184,168,251
198,170,234,184,168,250
199,171,232,185,158,236
203,173,223,185,159,245
205,174,222,185,163,249
206,176,225,184,161,244
208,175,223,185,151,219
208,170,215,187,147,229
207,169,221,188,145,230
207,168,243,189,143,227
206,167,225,189,146,233
205,166,230,190,161,259
205,166,228,190,161,260
195,174,229,189,167,284
189,168,236,193,164,269
188,169,242,192,164,269
188,169,246,193,157,275
186,173,257,194,159,272
184,172,247,188,173,256
182,167,238,189,171,251
185,174,249,193,163,237
183,161,242,193,160,251
185,175,256,202,173,229
185,168,253,203,175,230
185,170,261,204,176,230
185,175,264,204,178,233
187,158,238,205,178,232
188,158,240,205,177,231
188,161,241,207,175,230
188,119,206,204,167,223
188,119,207,204,168,225
189,120,208,204,168,226
189,122,277,203,170,228
189,123,277,203,170,228
189,124,214,202,170,229
189,125,195,200,169,229
189,132,222,196,164,229
187,138,226,195,160,230
187,138,227,195,163,234
187,131,201,195,161,235
187,137,252,189,147,228
187,138,251,189,152,232
186,152,229,188,156,315
188,171,260,188,153,326
196,165,250,188,150,330
199,162,248,188,163,244
198,175,237,184,156,234
200,174,236,184,164,253
202,176,228,184,156,240
204,175,228,184,158,240
205,175,224,184,157,239
206,175,222,183,159,242
207,175,222,183,161,246
208,175,221,183,159,244
208,172,221,184,157,245
208,171,220,184,154,241
208,169,225,185,162,255
208,168,204,186,144,223
207,167,245,186,145,226
207,165,247,182,175,272
204,168,218,182,168,261
203,167,225,181,176,274
202,167,229,192,153,285
197,172,234,189,154,292
194,177,237,189,155,290
192,176,237,193,151,279
186,163,237,193,157,279
185,164,241,193,160,277
184,164,245,195,165,265
184,166,245,195,164,265
183,168,246,190,171,264
181,164,239,190,171,250
181,166,244,191,171,243
183,154,232,192,165,236
182,165,246,194,162,237
185,153,230,203,179,245
185,154,232,204,175,229
186,154,234,205,176,230
188,151,229,206,178,230
189,152,255,207,175,228
190,147,223,207,174,228
191,160,254,206,169,243
192,159,254,206,171,243
192,160,260,205,171,244
191,161,262,204,170,245
191,161,262,201,170,248
192,161,262,199,171,248
190,155,245,196,171,233
191,157,247,194,171,235
190,159,248,189,165,237
189,148,222,188,155,234
187,171,261,187,142,245
188,175,249,185,158,255
200,165,225,183,172,254
201,173,226,183,170,251
205,176,220,183,170,257
207,175,233,183,168,263
208,176,250,184,166,260
208,169,222,186,165,263
207,166,244,187,171,276
201,164,226,188,168,271
197,168,233,190,162,280
192,174,237,185,176,281
191,174,236,185,176,282
185,169,237,186,176,282
184,171,244,186,175,278
184,168,245,191,168,253
184,170,254,195,150,268
183,169,255,196,150,265
182,172,254,188,171,265
183,169,251,189,172,258
184,166,251,189,171,251
185,158,245,196,165,250
185,158,245,197,175,235
186,160,247,198,175,238
187,162,249,201,177,238
189,155,242,203,177,232
189,149,224,204,171,223
189,156,241,204,178,231
191,166,262,206,176,228
191,166,262,206,171,240
190,165,260,205,170,197
190,164,264,204,170,193
190,164,256,204,170,244
190,164,264,203,170,245
190,165,266,203,170,246
190,165,266,199,170,248
191,165,267,197,174,247
183,174,276,194,178,224
183,173,275,192,174,219
186,164,275,189,167,219
188,159,275,188,168,238
182,166,285,188,167,241
182,167,282,187,170,244
182,173,268,187,164,234
182,174,263,186,163,233
187,168,253,185,159,251
191,167,239,185,158,255
192,176,220,185,168,245
198,175,219,187,162,245
201,174,217,187,157,249
203,173,224,187,161,248
204,172,221,189,154,255
205,174,223,187,161,258
206,169,216,187,162,263
205,168,220,188,168,270
206,164,247,187,164,265
206,164,248,187,165,265
205,163,250,187,168,269
203,163,251,191,152,245
201,167,230,190,152,244
199,170,231,186,167,272
196,173,232,183,173,285
187,169,238,184,174,280
186,170,239,185,173,280
186,171,242,185,172,280
186,172,239,185,172,274
185,167,248,187,172,269
182,162,239,189,171,262
183,170,249,189,172,248
184,163,247,194,169,244
185,154,238,195,176,232
187,159,245,201,178,236
187,162,253,203,177,238
189,151,234,204,179,245
189,150,228,205,179,246
190,150,229,205,179,239
182,177,267,205,173,217
193,155,261,205,173,219
183,176,273,205,170,225
183,175,272,203,171,227
187,168,267,202,171,227
187,170,270,199,174,235
187,170,270,198,172,244
187,171,270,195,179,240
185,168,263,195,171,234
183,173,281,191,175,233
183,161,289,191,177,239
183,161,289,187,165,242
183,162,287,187,166,241
182,174,278,186,168,244
182,174,277,186,166,250
181,175,272,185,161,235
182,175,267,184,164,237
184,173,263,184,162,235
187,170,257,185,164,237
193,159,256,185,160,256
195,171,231,185,161,254
197,169,232,186,159,254
198,174,215,188,145,213
201,173,215,188,154,253
203,176,213,187,155,251
205,176,224,187,156,255
206,176,231,187,155,254
206,176,230,189,142,208
207,169,213,189,152,257
206,172,240,187,162,260
206,171,241,190,153,262
206,169,242,189,154,262
206,168,220,191,150,246
206,165,226,190,150,246
206,165,247,189,159,267
203,169,227,189,159,267
200,169,236,184,173,273
198,170,242,187,170,276
195,172,238,189,158,249
192,172,242,190,163,271
190,176,239,189,164,271
188,177,240,188,165,271
186,175,242,184,169,284
185,175,251,184,168,284
183,171,245,185,165,279
183,171,245,187,164,274
184,170,244,188,167,265
183,172,243,190,168,257
183,173,247,196,162,250
186,160,243,196,168,237
186,167,251,200,167,235
188,161,244,201,177,233
185,170,255,202,176,231
188,162,245,203,172,213
190,151,225,204,178,231
191,160,259,204,178,232
187,172,265,205,177,228
191,164,259,205,178,230
194,155,260,205,173,218
192,163,258,205,173,214
192,166,260,204,173,203
192,164,264,203,173,241
192,162,267,203,173,241
192,160,267,200,177,218
193,159,267,200,177,240
193,164,269,207,162,223
193,159,268,201,170,223
192,160,263,201,169,226
192,160,263,199,168,228
187,172,270,197,170,231
186,178,274,194,173,230
186,167,271,193,172,231
186,179,279,189,175,242
185,178,279,186,170,247
191,160,266,186,170,244
183,171,278,184,169,245
183,173,272,183,169,246
184,175,264,183,171,248
188,172,254,184,167,245
194,165,246,184,169,253
196,176,230,186,155,227
197,178,227,187,161,251
199,178,226,186,167,253
204,178,228,185,170,259
205,178,228,185,171,265
206,178,226,186,169,261
208,170,225,186,169,270
208,170,240,186,165,259
208,168,243,186,170,273
208,167,243,186,163,259
208,166,220,186,168,266
208,165,246,186,164,259
207,165,247,186,163,259
201,167,230,189,169,268
199,171,230,185,164,258
197,172,233,186,170,263
192,179,234,186,171,267
187,167,234,186,166,286
186,165,234,186,173,280
185,166,240,187,171,281
184,167,240,187,171,282
184,164,237,188,170,266
185,157,227,187,172,259
183,159,227,188,170,248
183,160,232,189,170,246
183,150,218,191,157,256
183,150,229,202,176,227
184,152,226,202,177,233
185,148,220,205,175,239
186,149,223,207,177,229
188,152,258,207,178,229
188,143,219,207,179,232
189,155,261,207,179,232
190,142,265,207,173,195
189,141,256,205,176,193
190,136,261,205,172,242
190,136,263,204,172,243
191,138,266,203,170,223
190,133,267,203,169,223
195,172,280,203,166,228
187,167,253,200,168,228
186,167,251,197,172,230
187,166,249,191,178,240
188,163,241,190,179,242
188,162,240,191,173,241
189,160,274,191,174,243
181,177,277,189,176,246
182,177,276,184,163,236
185,175,262,183,150,230
187,172,262,183,167,255
192,166,255,185,167,257
193,173,245,185,168,258
195,175,240,185,167,258
197,177,231,185,167,260
199,178,231,186,168,260
201,178,229,187,152,235
204,177,231,187,154,239
206,178,230,187,150,234
207,178,230,187,152,235
207,176,221,188,144,217
208,177,220,188,156,249
208,177,219,188,150,257
208,172,226,188,150,259
207,173,226,189,149,259
206,173,232,189,149,260
204,173,242,190,146,239
204,171,221,190,146,256
199,173,231,192,140,258
197,172,229,192,154,249
195,173,234,190,161,255
191,177,236,190,157,267
189,178,237,185,158,289
184,163,233,186,160,280
190,173,240,187,156,285
184,161,235,195,157,269
183,160,227,186,168,277
184,162,234,187,169,272
184,162,233,187,172,264
184,163,232,188,171,256
184,159,238,190,167,237
185,154,231,201,176,233
186,151,226,201,179,233
186,153,229,203,177,240
186,150,224,204,177,240
187,148,221,205,174,227
187,147,221,206,177,229
188,159,259,206,179,230
190,145,218,206,179,231
190,158,246,206,174,207
190,154,238,205,175,206
190,143,234,205,172,187
192,131,226,204,172,242
192,149,261,204,171,243
192,156,267,203,172,243
193,155,267,201,171,246
193,156,268,200,171,247
193,150,262,198,173,247
192,151,263,194,176,245
192,152,263,193,176,228
192,145,227,191,175,227
191,147,229,189,174,233
187,166,269,190,173,233
190,161,271,190,173,237
190,161,271,189,173,237
190,160,271,185,162,229
183,177,270,183,176,250
184,178,265,183,177,255
185,179,248,181,174,258
190,175,246,180,173,257
196,167,238,181,173,258
199,175,230,186,154,228
201,176,224,185,156,233
203,177,218,185,157,235
204,177,218,185,151,215
205,178,219,185,150,233
207,178,216,185,157,237
208,174,217,186,148,218
208,171,222,187,147,231
208,170,224,188,146,231
208,169,224,189,144,230
207,167,226,189,144,230
207,165,229,190,143,229
206,164,248,191,146,234
203,166,230,190,147,238
200,168,232,191,149,239
194,174,237,190,157,267
192,175,233,184,173,281
186,165,240,184,173,281
186,166,246,184,173,279
186,168,246,184,173,279
185,168,246,184,168,279
185,172,250,185,169,273
185,173,251,185,171,264
184,172,249,187,172,259
184,158,234,189,174,248
184,157,236,190,169,247
185,154,232,200,177,239
185,154,230,201,179,233
186,153,231,203,177,231
189,154,253,204,178,232
188,150,222,205,178,231
188,149,221,205,179,232
189,146,220,206,178,231
189,145,218,206,175,237
189,144,217,205,175,237
190,142,227,205,173,198
190,143,220,204,173,190
191,154,251,204,171,242
190,162,262,204,170,244
190,162,262,203,168,246
190,161,252,202,169,247
190,162,261,201,170,247
190,162,262,199,170,248
191,162,262,197,172,249
191,163,264,191,174,233
191,164,265,190,173,234
190,164,265,190,174,240
189,165,271,189,161,238
189,158,276,188,162,239
190,159,274,188,164,241
182,177,260,187,165,240
188,175,249,184,153,259
198,164,235,183,161,242
198,170,224,183,172,255
199,176,228,183,171,256
199,178,218,187,152,233
201,178,217,186,151,234
205,176,216,186,157,237
206,176,218,186,148,233
207,177,215,186,157,239
208,175,221,187,148,230
207,173,238,188,147,229
207,173,216,188,145,228
206,170,224,190,153,247
206,168,227,190,148,238
206,167,228,190,146,236
205,167,228,190,146,236
203,168,233,191,145,232
200,170,248,191,147,236
198,171,235,192,153,266
191,178,228,190,164,273
189,178,234,184,172,278
184,168,246,186,167,282
183,171,248,187,167,271
183,175,251,187,170,262
183,173,250,190,173,249
185,155,232,193,170,242
184,154,237,192,164,232
186,160,241,204,179,233
188,158,239,204,179,232
188,169,261,205,180,232
188,167,264,206,178,234
189,164,265,206,173,239
190,163,262,206,173,203
190,156,255,204,171,194
190,156,256,204,170,244
190,165,267,203,169,247
189,173,274,202,169,248
188,166,267,200,170,249
188,167,267,196,175,246
189,167,267,195,174,247
189,168,267,193,173,233
188,169,267,191,172,230
189,161,273,189,174,243
189,162,272,189,166,243
189,160,274,188,166,243
189,161,270,187,166,240
182,169,268,186,175,253
183,177,254,185,173,251
186,173,254,184,173,252
197,164,243,185,165,248
198,169,234,186,156,243
202,172,226,186,156,236
204,174,223,186,154,234
205,175,225,188,158,245
206,175,220,188,166,259
207,175,220,189,156,243
208,174,216,188,163,255
208,173,217,188,164,263
208,172,217,188,163,260
207,171,220,189,169,269
207,170,221,189,162,265
207,168,225,189,163,264
206,167,228,189,163,263
206,166,229,188,164,265
205,165,234,187,166,267
203,166,250,189,165,277
198,169,237,191,158,289
196,171,235,183,173,282
192,173,237,182,180,281
190,175,243,182,172,282
189,176,235,183,171,280
186,177,239,183,162,285
185,177,243,183,166,284
184,175,245,183,165,282
184,173,246,184,167,276
184,175,252,185,169,267
184,175,253,188,171,256
183,177,252,192,169,241
183,177,255,201,174,241
187,161,245,203,178,236
188,168,257,205,178,231
188,170,258,205,178,231
188,170,260,206,178,232
189,169,265,207,176,229
189,173,266,207,179,232
190,176,272,205,172,210
192,173,269,205,171,206
189,178,280,205,170,199
189,178,274,204,171,197
189,177,283,203,171,244
189,176,281,201,174,244
189,170,273,198,170,240
188,169,270,197,170,243
188,172,273,197,169,245
186,174,271,192,162,234
186,174,271,192,162,236
186,173,271,191,162,235
185,167,250,189,166,236
184,168,250,188,169,242
189,173,256,188,151,281
189,175,251,185,170,248
195,169,235,184,169,248
200,172,233,183,168,248
201,174,225,186,159,238
201,177,224,186,157,241
202,176,222,187,153,236
202,176,220,188,157,230
203,176,219,190,161,251
203,171,222,190,149,225
202,173,225,190,147,228
203,171,226,191,145,226
203,168,232,191,153,246
203,163,237,192,147,237
203,164,237,192,145,233
202,165,222,192,144,231
201,167,226,192,145,230
199,168,230,192,146,230
198,170,228,191,148,232
193,176,233,191,150,233
191,177,235,186,170,281
189,173,236,189,167,269
186,165,245,190,171,262
185,158,234,190,171,261
184,160,237,190,164,271
184,168,246,191,165,269
183,169,247,186,173,255
182,161,235,190,174,248
183,164,246,191,170,246
184,150,229,192,157,236
186,153,233,202,178,226
186,153,233,203,173,228
187,151,225,204,174,228
189,146,220,207,172,224
189,145,220,207,175,228
193,154,254,208,173,238
192,157,251,207,173,194
191,162,264,205,170,244
190,162,264,204,170,245
191,162,264,206,167,246
191,163,265,199,176,244
194,161,265,194,175,245
186,167,274,193,174,224
189,168,275,191,176,236
189,171,277,188,164,235
205,173,215,185,172,261
206,173,215,185,174,260
206,171,210,184,168,265
206,170,217,185,168,264
206,168,222,185,168,263
204,169,223,185,167,263
205,167,246,185,167,263
205,165,219,185,168,265
205,165,249,185,168,264
198,171,227,187,164,286
192,174,223,186,169,284
191,175,228,186,169,285
191,171,230,185,167,284
187,177,235,185,170,284
185,167,239,184,168,284
185,169,243,183,168,283
184,171,245,183,168,283
184,170,247,182,172,276
183,172,251,182,175,268
183,175,255,183,175,264
183,174,253,186,176,253
184,164,241,187,176,249
185,165,246,189,172,242
185,164,247,190,164,238
184,174,255,200,176,235
187,152,235,201,179,242
187,154,237,203,176,231
188,157,242,204,177,231
189,153,225,205,178,231
189,150,223,206,179,232
190,152,231,207,172,197
190,164,262,207,176,230
190,164,260,207,172,205
190,163,259,206,170,188
190,169,271,206,169,243
189,165,259,206,168,244
189,164,258,205,166,247
189,164,258,204,166,248
189,164,265,202,166,250
182,174,274,196,170,251
182,173,273,194,174,225
183,170,272,192,174,232
186,166,271,191,175,238
186,163,273,189,176,241
184,167,281,187,161,239
183,167,278,183,171,248
183,175,263,183,169,244
184,175,261,183,168,242
185,174,254,183,167,239
189,166,258,183,166,242
195,163,247,185,154,219
198,161,255,185,153,229
200,178,224,184,149,214
204,179,226,185,154,230
205,179,227,185,153,231
206,179,225,185,155,233
207,179,225,185,150,221
208,177,221,185,149,218
207,169,226,186,153,241
208,170,227,186,150,236
208,169,231,186,148,233
207,169,232,187,146,231
206,168,234,187,146,233
204,169,223,189,147,235
201,170,229,191,146,234
199,170,232,192,147,235
192,176,236,190,162,270
186,171,241,190,161,255
186,173,242,186,174,272
186,175,247,184,174,278
185,173,247,184,173,279
184,174,247,184,172,278
183,170,246,186,169,269
182,177,253,187,175,258
181,174,253,188,175,251
182,175,255,192,176,244
181,176,254,201,177,233
185,168,255,201,176,232
187,153,230,202,177,232
187,152,231,203,177,236
187,151,225,205,164,221
189,154,254,206,178,230
190,161,253,207,179,230
190,161,252,206,172,203
190,162,253,206,171,197
190,162,262,206,171,193
191,162,262,205,171,242
190,162,262,205,170,244
190,161,262,204,170,244
190,161,262,202,169,247
191,161,263,200,171,247
191,161,263,199,172,247
192,161,264,194,175,221
185,169,279,193,175,226
185,170,275,191,176,240
187,165,276,189,157,227
188,163,275,191,173,240
183,169,281,190,174,242
183,175,266,188,176,246
183,176,265,185,178,247
184,177,255,183,176,246
186,175,254,182,175,246
197,163,243,181,170,250
198,171,226,186,158,244
199,175,229,186,149,231
204,176,230,185,153,229
206,178,229,185,152,229
206,179,229,186,149,226
206,179,224,186,150,228
207,179,224,186,149,222
208,177,216,187,147,220
208,174,220,188,144,229
208,172,223,188,145,232
207,171,225,189,156,253
205,171,228,190,145,236
205,171,229,189,145,235
203,172,245,191,147,239
200,173,232,191,145,234
195,175,232,189,155,266
193,178,231,181,178,279
190,178,227,184,175,280
187,172,228,184,174,279
184,164,230,184,169,281
184,170,243,185,169,276
184,170,245,186,169,273
186,179,250,188,172,264
186,179,253,189,171,251
183,171,246,191,172,250
182,162,245,192,176,246
182,151,233,193,161,237
182,157,234,200,171,250
182,166,248,203,169,226
186,153,232,205,168,223
187,154,233,207,172,225
187,150,224,208,173,226
188,148,223,209,176,228
189,162,259,209,177,228
190,161,255,209,174,215
190,161,253,209,173,237
192,150,261,207,171,241
190,160,251,205,170,243
191,166,268,204,169,245
191,162,255,203,170,246
192,161,263,200,170,223
192,159,268,196,170,223
192,159,268,193,173,225
192,151,239,192,173,232
192,152,240,192,174,232
191,154,241,193,169,236
187,169,257,188,162,236
187,171,271,188,163,239
184,168,277,187,177,243
184,178,253,185,178,255
186,175,253,183,169,246
188,179,243,183,170,250
197,167,242,185,157,231
198,171,233,184,157,234
199,176,223,184,157,239
201,176,222,185,156,238
203,177,221,185,155,236
206,179,224,186,148,233
207,177,218,186,158,242
208,175,200,187,157,240
208,173,215,187,160,255
208,172,217,188,150,239
207,170,223,188,149,238
207,171,225,188,148,237
206,167,246,189,147,236
205,167,247,189,147,235
204,168,247,189,147,234
202,170,248,190,149,238
198,173,248,191,151,239
194,174,240,188,156,242
192,174,240,184,173,283
191,174,242,185,168,284
190,176,241,186,165,284
189,175,237,186,167,280
184,165,235,185,167,279
184,168,242,185,169,273
184,171,246,186,170,264
184,171,248,187,172,255
184,171,247,189,173,256
184,167,245,192,172,242
185,153,234,192,173,230
187,155,232,202,177,235
187,159,239,203,173,209
187,158,240,204,179,231
190,155,239,205,179,232
190,147,220,206,179,232
190,148,221,207,174,236
190,148,220,206,175,236
190,146,221,206,172,240
191,152,264,205,169,197
190,161,263,205,170,196
190,173,277,204,169,245
190,170,274,204,169,245
190,170,274,203,169,246
190,171,275,200,169,249
191,166,270,195,177,245
192,164,268,195,176,246
191,156,248,193,175,247
191,152,240,192,175,228
191,159,250,193,171,229
189,163,254,188,163,230
189,165,255,188,162,230
183,169,278,187,166,240
183,176,265,186,169,244
183,176,261,183,176,247
189,170,250,184,164,241
196,165,241,184,167,247
197,169,235,184,166,246
198,170,230,187,155,238
200,174,221,186,155,239
201,175,225,187,155,237
202,176,226,189,163,255
204,176,227,188,162,249
205,175,226,189,153,233
206,172,218,190,154,253
206,172,223,189,161,255
206,171,223,188,162,252
207,168,224,189,161,257
206,168,223,188,163,260
206,166,228,188,163,260
205,165,229,188,163,261
203,168,229,188,164,261
202,169,247,187,166,265
201,169,224,185,168,266
198,173,228,190,166,279
194,178,225,190,160,284
192,177,229,188,167,276
186,163,230,188,167,275
185,164,237,186,165,280
185,164,237,185,166,280
185,162,237,185,168,279
184,167,245,185,169,275
184,170,247,185,172,265
184,169,244,186,173,258
183,169,246,188,173,253
185,161,242,189,174,245
185,162,242,191,168,237
186,152,230,201,173,233
186,154,230,201,177,240
187,153,231,203,178,242
187,153,229,204,177,237
188,151,225,205,179,233
188,149,223,206,178,234
189,160,243,207,178,234
191,167,260,207,174,237
192,158,260,206,172,240
192,150,229,205,172,207
192,150,229,205,170,245
191,167,255,204,170,245
191,167,266,203,169,247
190,167,266,202,168,248
191,166,265,201,168,250
192,167,271,199,169,222
193,167,271,195,175,246
193,142,275,194,174,230
193,141,216,196,168,233
191,144,218,195,167,238
191,147,260,190,164,242
191,155,242,190,166,244
191,149,224,188,166,242
183,175,262,186,177,245
184,174,259,185,177,247
184,175,255,185,169,270
191,167,245,185,171,252
195,164,235,186,167,250
196,167,223,188,163,247
199,173,218,189,162,248
201,171,216,191,153,228
203,172,213,189,166,259
205,170,215,188,168,258
206,171,215,186,164,256
206,168,217,185,171,267
206,168,218,184,172,268
206,167,189,185,165,258
205,167,224,185,165,259
205,166,247,185,164,258
204,166,248,185,165,259
202,166,232,185,167,263
200,169,249,186,168,266
197,172,229,185,174,272
196,173,231,192,158,284
194,174,233,191,157,285
192,174,238,191,156,284
189,174,236,190,159,279
187,167,244,190,166,271
187,166,244,190,166,269
188,152,226,191,161,273
187,157,231,192,166,263
186,162,242,185,178,264
185,149,233,187,174,263
184,159,240,188,173,252
185,155,239,194,177,247
185,153,236,198,177,237
187,158,250,200,173,248
187,158,251,201,174,248
188,150,233,203,172,227
188,148,224,205,173,227
188,147,222,206,174,227
188,148,222,207,173,225
189,149,223,207,175,228
189,151,263,207,177,224
190,145,218,206,172,240
191,143,262,205,175,240
191,147,258,204,175,240
191,144,256,203,174,242
192,139,225,203,173,243
192,149,261,201,171,227
192,139,223,199,174,225
192,142,228,196,178,244
191,146,232,195,169,220
190,149,236,191,168,226
190,157,248,192,174,232
190,160,262,190,161,235
186,171,260,188,176,241
187,173,257,186,175,245
189,174,252,185,169,247
190,175,243,184,169,247
194,176,234,184,168,247
202,170,221,183,173,255
202,175,226,182,172,255
203,176,226,182,172,256
204,177,228,181,170,258
204,177,228,182,168,257
204,177,228,183,167,258
204,177,228,184,166,261
203,174,217,185,167,264
203,174,219,185,163,263
201,177,225,185,168,269
201,176,231,185,168,269
202,174,218,185,168,269
201,172,221,186,165,265
201,170,227,186,166,265
200,170,229,184,169,267
197,172,239,183,171,267
197,171,232,189,168,273
193,177,235,188,169,272
192,174,242,187,170,282
184,164,242,191,165,270
189,174,239,187,171,280
189,174,240,187,170,279
188,172,256,187,171,272
183,167,302,195,161,266
183,167,301,188,170,249
181,160,232,189,171,247
182,155,227,190,161,238
182,162,243,197,177,236
185,140,223,199,178,229
187,151,230,206,180,230
187,147,223,207,180,235
187,145,220,208,180,232
187,143,218,209,178,231
187,143,219,209,178,230
190,156,249,209,172,226
191,166,264,208,170,242
190,157,250,208,171,242
190,164,249,207,169,244
189,160,249,207,170,244
190,160,250,206,170,245
189,159,249,204,170,223
190,159,250,202,173,223
191,160,255,198,170,234
188,151,236,197,170,236
188,152,237,196,169,235
187,158,247,189,161,233
184,173,277,189,161,233
184,174,275,189,165,239
196,161,266,189,157,224
187,178,256,189,144,229
188,173,244,187,155,232
199,170,241,185,162,236
200,174,229,185,160,232
201,176,234,185,158,233
203,176,231,185,157,232
204,177,228,184,151,219
205,177,227,184,150,214
206,177,226,184,156,234
206,177,225,184,154,233
207,174,238,185,153,233
207,173,221,185,151,235
206,174,225,186,146,226
206,170,244,187,145,227
205,169,231,187,145,234
204,170,222,188,153,261
202,172,222,188,154,262
197,175,233,188,153,262
197,176,229,186,155,264
193,175,234,186,157,265
192,177,235,184,166,269
184,162,244,189,165,255
184,163,246,189,165,262
184,163,244,188,166,256
187,177,255,192,171,253
185,179,254,192,170,248
185,179,256,194,172,242
181,163,248,201,170,241
181,165,250,202,179,228
182,168,248,209,176,234
182,170,255,209,176,232
186,162,257,210,177,233
186,160,258,210,179,231
187,160,257,210,179,230
187,160,256,210,167,243
188,169,268,210,168,242
189,160,256,209,168,243
189,160,262,207,164,223
189,159,263,204,168,222
191,160,264,200,171,248
192,161,266,197,169,245
191,152,242,193,173,224
191,158,250,191,175,243
191,159,250,189,160,231
191,159,248,188,162,235
182,168,279,187,163,237
182,177,254,183,176,255
184,175,254,181,176,255
186,176,247,185,164,244
192,171,235,185,156,231
199,167,224,185,158,233
200,170,217,184,157,238
203,170,225,185,159,238
204,174,214,185,167,250
205,174,215,185,164,253
205,174,212,186,161,258
205,174,212,186,167,265
204,175,199,187,163,266
204,174,213,187,166,268
204,173,218,187,166,268
204,171,222,188,162,266
203,170,230,188,163,266
202,171,230,188,164,266
197,175,247,191,160,280
196,175,247,192,160,280
194,177,233,192,172,253
193,172,235,191,162,276
192,173,244,187,168,283
191,172,248,187,171,278
190,170,248,187,171,277
183,166,244,193,158,270
183,161,236,185,170,272
183,172,250,186,171,263
183,163,240,187,171,254
184,165,246,188,171,251
182,177,255,198,171,235
189,152,232,199,177,225
188,152,234,201,177,224
189,154,232,203,179,234
190,151,227,204,179,234
191,147,223,205,177,232
193,158,259,205,179,228
191,161,259,204,175,201
191,164,260,204,175,199
191,161,261,204,174,242
191,161,259,203,174,242
191,169,273,202,172,245
191,168,272,202,172,245
191,162,263,200,172,247
193,143,233,198,173,247
194,141,228,195,174,236
194,143,230,191,174,245
191,161,270,189,174,230
192,155,244,188,174,236
192,156,245,187,172,235
192,157,244,186,164,241
192,166,257,186,164,241
191,164,254,186,165,240
191,151,227,186,174,248
184,163,279,184,177,261
184,164,277,183,176,260
184,175,252,186,163,246
190,171,250,186,164,243
190,175,240,187,154,228
198,169,220,188,159,241
200,172,217,188,146,232
201,174,228,188,155,234
203,173,222,188,154,237
207,170,217,188,154,241
207,170,218,188,153,234
207,170,219,189,156,248
207,169,221,189,148,234
207,168,245,190,147,232
207,167,219,190,155,249
206,166,224,191,154,248
206,165,229,190,149,241
204,166,232,190,150,241
203,167,250,190,150,241
199,169,231,184,168,283
195,175,230,184,171,281
194,172,232,183,172,282
191,173,231,183,172,282
190,173,232,185,168,285
189,173,230,185,166,285
189,170,245,184,164,284
186,167,247,192,152,276
186,169,248,192,156,272
186,170,248,187,165,271
186,172,251,186,170,258
186,171,249,187,172,253
186,153,234,193,168,239
186,152,233,193,175,241
186,155,235,201,169,227
189,153,235,202,171,210
188,151,230,203,174,214
188,152,229,204,174,239
188,152,229,205,176,236
189,153,230,205,176,236
190,165,261,205,176,236
190,165,260,206,171,240
189,165,259,206,170,199
189,167,262,206,169,192
190,164,267,206,168,245
190,164,266,205,167,246
190,164,266,204,166,248
190,164,265,203,167,248
190,163,265,201,169,248
190,163,265,199,171,223
191,163,266,195,175,245
191,156,248,193,174,232
188,168,273,194,169,226
190,166,258,190,174,235
190,164,255,188,164,234
190,161,250,188,164,238
190,159,246,187,165,240
189,150,228,186,167,242
183,175,260,184,176,247
184,176,257,183,176,248
186,175,254,181,173,250
192,171,245,180,172,252
193,176,235,181,170,252
199,172,236,182,172,256
200,174,231,183,170,258
201,180,224,185,169,257
203,179,225,187,149,230
204,179,223,187,151,226
206,178,221,187,149,220
208,177,218,188,148,223
209,175,218,188,148,226
209,172,221,188,146,225
209,170,224,189,145,225
209,169,230,189,144,224
208,168,231,189,143,223
208,167,233,189,147,233
206,167,233,189,148,236
204,169,247,189,148,235
201,171,222,189,150,236
196,176,230,189,150,236
195,176,233,184,172,281
192,174,238,190,164,273
190,174,243,189,164,272
187,166,244,190,162,268
186,166,244,191,159,270
186,167,245,191,159,270
185,169,248,192,161,266
185,168,245,186,171,265
184,170,245,186,172,253
183,167,243,188,171,247
183,165,245,192,172,239
185,176,252,193,171,229
185,152,226,199,167,240
185,153,227,196,166,236
187,156,233,204,173,240
187,154,232,205,177,234
187,151,235,206,177,241
188,167,265,204,169,246
189,169,272,202,168,247
189,169,272,203,168,248
190,170,273,197,174,247
191,163,266,196,173,249
191,162,266,192,176,246
192,152,241,193,171,224
192,153,242,188,175,239
191,155,243,191,172,236
207,170,226,185,174,273
206,170,226,185,173,272
206,169,228,185,173,272
204,169,232,186,169,267
202,169,221,185,170,268
194,175,233,182,170,283
191,175,231,183,167,285
189,175,231,188,159,278
187,164,241,188,163,274
185,173,253,189,171,251
185,156,237,191,174,238
185,177,255,192,169,229
184,171,255,201,178,226
185,171,257,202,176,231
186,168,258,203,177,232
187,170,263,204,178,231
190,164,267,204,169,245
190,164,266,203,169,245
190,165,267,202,167,248
190,165,267,201,169,248
190,166,269,198,169,225
191,166,269,194,175,245
192,157,248,193,174,247
192,158,249,192,174,228
182,167,280,188,155,227
182,168,279,185,167,242
183,175,264,185,166,241
185,174,254,183,168,244
190,165,257,183,170,249
195,168,242,184,168,248
199,165,238,184,166,246
200,172,226,185,164,246
202,176,224,186,164,253
207,174,218,186,164,257
207,172,223,187,163,261
207,172,195,186,164,263
206,170,219,187,162,263
206,168,225,187,161,263
206,167,227,187,161,262
206,165,232,187,162,263
204,166,249,187,166,268
187,172,242,187,167,270
186,172,245,187,165,271
186,172,248,187,163,273
185,173,250,188,164,273
185,169,248,185,165,282
185,170,250,184,168,274
185,166,239,185,170,263
185,167,245,188,169,257
188,165,262,207,176,233
188,165,263,208,174,231
189,165,264,208,172,216
189,165,263,208,167,212
189,167,264,207,168,188
190,166,267,207,167,244
190,165,267,207,165,247
190,171,274,206,165,247
191,169,272,205,165,248
192,160,253,192,170,243
192,160,251,192,173,247
181,171,287,192,173,226
183,166,285,188,169,248
183,165,280,188,169,247
184,170,269,186,171,249
185,171,264,185,173,249
190,165,253,181,172,247
199,169,222,182,170,249
200,168,230,183,168,250
201,173,219,184,164,246
203,173,219,184,164,252
203,175,222,186,151,234
204,175,221,186,153,230
204,175,221,186,151,235
204,172,220,188,150,226
205,171,222,187,150,227
205,166,229,188,148,230
198,175,244,189,150,233
197,175,229,185,167,284
195,174,221,185,170,282
194,174,236,189,165,276
192,175,233,188,164,276
191,175,238,186,167,285
190,175,242,187,161,286
183,172,251,190,173,248
183,177,252,193,174,237
183,177,253,193,168,231
183,175,258,203,165,224
188,164,254,204,170,217
188,166,256,206,177,235
188,166,257,207,177,235
188,166,260,207,177,234
190,165,269,206,168,244
190,163,267,206,168,244
190,162,266,206,165,247
190,163,267,204,166,248
190,164,268,201,168,249
191,169,275,195,176,245
191,164,269,193,175,246
185,166,275,193,175,227
183,173,266,184,169,244
185,175,253,183,169,243
189,167,255,183,169,245
197,165,231,183,166,243
199,169,235,183,165,241
200,172,227,184,164,244
201,177,228,186,154,222
203,177,227,186,154,224
205,177,215,186,151,219
207,175,220,186,159,249
207,174,217,186,150,228
208,172,213,187,148,231
208,169,217,188,147,229
207,169,219,188,146,233
207,167,221,189,145,232
207,167,223,189,144,232
206,165,229,189,145,234
205,165,250,190,147,236
199,168,230,188,163,270
194,177,234,185,170,283
192,175,237,185,170,283
186,171,242,182,174,283
185,171,230,183,168,283
185,170,233,189,158,275
185,162,232,189,158,275
185,167,246,183,166,280
185,168,245,183,168,278
184,170,249,184,171,268
184,171,249,187,166,265
184,171,251,188,171,255
184,170,250,191,169,248
185,168,250,194,171,234
185,171,251,195,173,234
186,164,247,196,176,233
188,156,238,197,176,235
181,177,259,199,169,229
190,165,264,206,174,214
190,158,251,207,167,245
190,166,268,206,169,244
191,164,267,206,169,244
191,165,267,205,168,245
191,164,267,205,169,246
191,173,276,204,169,247
190,167,269,203,169,248
191,169,271,200,172,247
191,162,257,192,167,224
191,155,246,192,169,233
191,155,243,191,171,237
191,154,240,190,166,238
185,172,279,189,166,242
183,172,278,188,166,242
182,175,267,185,177,246
183,176,258,184,168,243
206,178,230,185,147,229
208,178,228,185,147,219
209,173,222,185,154,236
209,172,222,186,149,227
209,170,227,186,146,231
209,168,231,186,148,235
207,170,232,187,146,233
207,169,233,187,146,232
204,173,242,187,145,232
190,160,223,189,155,264
193,177,233,189,156,265
187,164,233,189,152,237
186,164,234,188,155,240
186,167,240,185,172,273
188,176,237,193,163,267
183,158,230,186,171,274
184,159,225,187,174,265
183,161,228,187,173,256
185,153,226,201,179,233
186,153,231,203,177,215
186,151,228,203,176,231
187,150,226,204,177,231
188,149,222,205,177,241
189,146,219,205,177,230
191,152,258,204,175,200
192,167,265,204,174,192
191,158,249,204,172,242
191,158,258,204,166,248
191,159,258,206,163,249
191,161,258,197,169,231
192,160,258,195,171,232
193,159,258,191,177,234
191,152,239,190,176,240
188,167,272,192,170,238
188,165,274,187,164,242
187,166,273,187,163,240
190,174,250,185,161,247
197,168,235,186,152,222
199,174,221,187,158,240
200,174,234,187,153,230
200,180,229,186,153,228
203,179,228,186,151,220
204,179,227,186,147,231
205,179,225,186,155,241
206,178,218,187,153,239
206,172,241,187,155,248
206,171,228,187,154,247
205,172,228,188,146,234
201,171,232,190,145,233
200,171,246,190,145,234
199,173,247,190,144,233
197,175,223,190,152,245
196,175,233,190,153,245
194,176,236,188,152,240
190,171,244,187,171,275
189,172,245,186,166,256
184,165,241,187,173,271
185,157,231,187,175,262
183,164,243,189,172,248
184,154,230,192,172,244
184,152,230,200,173,233
185,149,227,201,177,227
185,150,224,202,179,210
188,148,223,207,177,229
189,147,222,207,179,233
190,143,218,207,174,201
191,143,218,207,173,189
191,142,218,206,171,242
191,142,229,206,170,243
192,141,228,205,169,245
193,141,227,203,168,247
194,144,258,199,171,224
189,157,275,188,165,238
189,161,270,188,165,240
182,176,258,187,165,242
183,176,255,186,160,228
186,173,254,184,167,248
192,170,244,185,165,245
198,163,236,186,156,225
198,172,233,186,157,228
206,175,226,186,160,244
208,174,228,187,152,229
208,173,221,187,167,259
208,174,222,187,163,261
208,168,223,187,169,270
207,169,222,187,168,270
208,169,225,186,165,265
208,167,227,186,165,265
207,167,231,186,165,265
195,175,228,186,168,283
193,173,234,186,169,283
188,166,239,187,162,249
187,166,241,188,169,263
186,165,244,188,164,269
184,171,249,185,170,278
183,172,251,185,173,267
183,172,250,186,173,264
183,157,233,191,173,240
186,161,245,201,175,232
187,153,233,202,177,229
187,153,232,203,177,236
187,155,235,204,177,231
188,155,235,205,178,231
188,150,223,205,178,231
189,149,222,205,179,243
190,157,241,205,174,210
191,163,267,201,171,247
193,164,267,197,171,243
193,163,268,194,175,243
194,163,267,193,175,245
190,166,262,191,173,230
192,158,250,190,163,226
192,153,238,189,164,233
192,151,230,189,165,236
183,174,259,186,179,242
189,172,248,184,168,242
193,173,234,184,169,245
198,170,233,184,168,245
200,176,221,185,165,242
202,174,220,185,165,243
205,171,211,185,171,257
206,171,212,185,163,259
207,170,216,186,161,256
208,169,221,187,159,255
207,168,196,187,163,262
207,165,224,187,163,262
207,164,247,187,163,267
207,163,248,186,164,266
205,163,224,187,166,269
204,164,231,187,170,273
202,166,232,189,161,269
195,174,249,191,155,245
193,176,240,183,178,280
190,173,230,183,179,280
186,169,237,183,175,277
186,162,236,182,176,279
186,164,244,182,176,280
186,166,247,181,176,278
185,169,252,182,179,261
184,172,251,187,171,259
183,172,250,188,174,251
183,171,251,194,171,242
183,168,250,195,174,235
188,155,236,205,178,240
188,154,230,206,178,231
190,151,227,206,175,220
190,151,267,205,174,214
191,150,265,205,172,195
191,149,262,204,173,195
192,148,266,204,171,243
192,133,221,204,170,244
193,145,258,203,169,246
192,137,234,202,169,247
191,155,247,197,171,245
190,157,249,194,171,243
190,161,253,193,171,221
189,159,249,193,172,228
188,160,249,192,163,231
188,159,248,191,164,235
187,156,243,191,176,244
187,164,275,190,175,249
198,177,233,184,165,243
200,175,231,181,167,252
202,171,228,181,167,253
206,177,226,181,167,253
207,176,225,182,166,254
208,176,224,183,165,251
208,175,222,183,168,260
207,176,223,184,167,263
207,170,231,184,167,262
207,171,242,185,164,257
206,169,245,185,168,270
205,165,233,185,165,261
204,169,225,185,166,262
201,172,225,192,166,275
199,173,230,188,166,267
195,177,230,186,157,245
187,156,228,186,157,245
186,161,235,187,157,244
185,162,239,187,160,248
190,167,242,187,161,249
184,177,252,189,169,255
183,166,251,192,164,234
181,171,253,201,175,228
182,173,255,202,178,231
183,167,255,203,179,219
184,164,257,205,179,225
188,155,253,206,180,224
189,162,261,206,179,231
189,161,259,207,179,225
189,160,261,206,180,227
189,160,260,205,169,245
189,161,260,205,170,244
189,161,261,205,169,245
189,162,261,204,168,246
190,164,263,201,171,247
190,164,263,194,177,222
187,168,275,193,177,226
187,167,275,191,169,226
187,166,275,191,173,240
193,165,273,187,167,243
186,175,256,187,170,246
188,175,260,182,169,252
188,175,252,181,170,254
199,170,220,181,171,254
200,173,236,181,169,255
202,176,230,182,169,256
204,177,226,183,167,253
206,175,224,184,169,259
208,170,219,186,168,265
208,168,225,185,168,266
207,168,243,186,167,266
208,167,227,186,166,265
207,166,231,186,164,262
206,167,235,187,164,262
204,168,247,187,163,262
203,169,235,187,164,265
196,177,242,186,162,268
184,161,236,188,172,265
183,161,234,189,170,241
182,160,235,190,160,260
184,157,237,191,161,230
185,147,218,192,160,236
185,153,231,202,179,228
185,151,226,203,178,229
186,153,230,204,174,229
189,147,224,206,177,245
190,159,256,206,178,230
189,160,256,207,175,206
189,168,265,207,174,201
189,167,264,206,171,241
189,160,256,206,171,241
189,160,261,206,170,243
190,167,270,203,168,225
190,173,284,202,166,224
193,151,238,188,174,233
187,170,274,190,172,238
190,157,273,189,171,246
183,173,270,185,164,239
182,176,259,181,176,250
183,176,256,181,175,254
184,176,254,181,172,251
190,168,254,186,162,250
201,176,224,187,149,222
202,178,222,187,156,237
204,178,226,187,155,238
205,178,220,188,148,233
207,177,219,188,153,242
207,172,217,188,152,240
207,173,220,189,145,231
206,172,222,190,144,230
206,171,226,190,144,230
201,166,225,193,146,237
199,167,237,193,150,242
197,169,236,192,152,241
191,176,250,192,153,242
189,176,249,183,175,282
187,177,249,189,163,270
186,177,250,184,173,281
185,178,251,183,174,278
184,179,253,183,174,280
184,176,253,185,168,271
183,174,254,188,168,261
183,173,253,189,173,249
184,169,249,191,171,248
186,152,231,196,174,233
186,153,233,199,178,231
187,155,236,201,179,228
186,158,237,203,178,238
187,161,243,204,177,230
188,154,226,205,178,233
192,162,268,206,178,235
191,144,271,206,175,203
193,142,260,205,175,204
193,143,260,205,174,240
193,144,261,204,173,242
193,145,262,203,173,243
193,144,260,203,173,244
191,165,275,201,168,228
193,143,236,199,170,227
193,141,232,195,173,244
193,150,238,190,176,235
192,152,239,189,176,236
191,154,240,188,174,237
191,155,241,189,160,234
191,157,243,188,160,235
182,177,258,188,161,234
184,176,257,187,164,237
185,176,255,185,167,247
203,179,227,186,157,242
205,179,228,186,156,241
206,179,226,186,155,241
207,178,225,186,150,222
208,178,225,187,148,218
208,174,219,187,146,231
207,174,222,187,147,233
207,173,226,187,144,229
207,171,230,188,147,236
207,169,233,188,145,234
206,168,235,189,142,229
204,170,245,189,144,233
202,171,235,190,145,232
200,174,220,191,144,231
197,175,227,189,151,265
193,178,233,189,149,259
191,179,238,183,174,282
190,179,239,186,166,271
185,163,238,185,166,269
183,162,231,185,175,264
183,164,236,186,174,249
182,166,243,188,170,244
183,152,229,190,176,245
183,162,243,191,156,233
186,151,230,194,160,239
186,154,233,205,178,231
188,152,233,206,177,230
188,149,228,207,177,229
189,155,257,208,177,233
191,158,253,208,170,197
191,158,261,208,170,193
190,168,271,206,171,241
189,162,263,206,170,242
189,162,263,206,168,244
187,162,263,206,168,245
197,150,290,204,168,247
200,142,294,203,167,223
186,171,276,187,173,244
186,170,271,185,175,251
186,172,263,184,173,250
188,169,265,183,172,250
192,166,253,182,170,255
193,170,246,182,169,255
195,176,237,182,167,253
196,175,237,183,165,250
198,173,234,183,164,250
201,177,228,183,152,233
203,177,225,184,151,232
205,177,221,185,150,229
207,179,222,184,147,215
208,178,224,184,151,227
208,177,231,185,150,231
208,173,228,185,149,232
208,174,229,185,156,248
207,173,229,186,142,224
207,172,231,187,143,227
203,171,234,189,149,242
200,173,238,190,153,249
197,175,242,191,150,263
193,179,237,190,155,267
192,179,237,190,156,266
189,178,238,186,175,268
185,164,237,186,167,280
187,179,241,187,173,278
186,161,238,186,174,276
185,164,238,188,172,262
184,169,251,191,171,258
185,177,257,192,175,247
185,176,257,192,168,236
186,159,254,203,175,229
187,150,229,203,178,230
188,151,231,205,178,242
188,152,230,206,179,232
188,149,223,207,179,243
189,148,222,207,179,230
193,150,263,205,173,192
190,161,254,205,172,242
190,167,271,204,171,243
187,172,272,202,171,245
188,167,269,195,176,244
190,153,245,194,176,245
191,155,247,193,175,222
191,154,244,191,171,222
191,160,253,189,171,226
190,155,243,188,159,236
183,177,259,186,165,236
183,177,257,186,156,234
186,175,255,185,162,228
192,172,250,183,159,229
198,166,239,184,164,245
199,174,232,184,158,242
200,174,231,184,159,241
202,177,230,183,157,236
203,178,230,183,157,236
208,177,230,185,149,221
208,176,221,186,149,232
209,173,217,186,147,231
209,173,220,187,145,226
208,172,222,187,153,244
207,171,228,187,159,256
207,171,231,188,147,235
207,169,233,188,145,232
207,168,245,187,145,232
206,168,223,187,143,227
199,172,238,188,156,267
196,175,235,189,157,268
194,176,236,185,175,281
186,167,239,187,163,271
186,167,243,188,163,270
185,168,247,183,172,281
185,168,247,192,162,269
184,168,245,184,173,276
187,153,234,201,179,231
187,153,233,202,177,244
187,153,233,204,179,242
188,154,233,205,179,233
191,162,258,206,179,233
191,162,258,206,179,233
190,163,259,206,173,239
190,163,257,206,172,200
189,163,265,205,172,242
189,163,264,203,168,248
189,164,265,202,170,247
189,164,266,200,170,248
189,164,266,195,179,245
189,165,267,193,178,225
186,169,273,192,176,225
186,168,273,191,177,230
187,167,273,190,178,237
187,174,254,183,167,243
190,172,254,182,164,248
200,172,235,182,167,253
201,175,223,183,167,254
204,175,223,183,166,255
205,177,218,185,151,223
207,178,220,185,165,256
207,177,221,185,166,256
209,167,245,186,162,260
209,166,227,187,162,261
209,164,231,186,163,263
209,164,225,185,163,263
208,164,226,186,163,262
206,166,227,185,166,263
200,172,235,193,162,279
197,173,237,186,157,245
187,177,252,187,169,251
186,177,253,189,171,250
186,176,255,191,171,243
186,175,258,201,173,235
194,159,261,202,178,237
186,166,255,203,179,236
186,170,257,204,179,241
186,166,257,206,179,233
187,167,260,206,179,232
188,166,258,206,178,236
188,166,258,206,174,201
188,166,258,205,174,200
188,150,238,205,173,242
187,150,245,204,173,243
187,151,244,203,173,244
187,165,266,201,173,246
187,153,240,197,175,244
188,173,272,195,175,228
186,168,279,189,168,286
186,168,278,189,173,223
186,169,273,187,171,241
186,173,258,186,178,253
189,175,251,183,173,253
193,169,251,182,173,254
197,171,237,181,172,255
198,174,237,181,171,255
200,178,232,180,171,257
204,178,226,181,169,257
205,180,229,182,169,258
207,179,229,185,147,230
208,179,230,184,158,242
209,178,229,184,156,239
209,177,220,184,149,230
209,174,216,185,147,228
209,173,222,186,145,226
208,172,225,186,143,223
204,170,244,189,150,242
202,171,226,189,150,243
200,173,225,190,153,246
197,175,231,189,154,247
195,176,233,189,163,288
193,175,238,192,164,273
185,162,238,192,167,268
186,131,226,192,164,271
184,159,236,192,162,272
182,163,236,188,172,261
182,157,235,191,172,245
183,155,234,192,170,235
186,157,240,200,177,234
187,149,228,201,178,234
187,153,232,204,176,230
188,151,228,205,177,230
189,148,221,205,177,249
193,149,260,204,171,243
193,148,245,204,171,243
193,150,263,204,171,244
192,149,261,203,170,245
193,148,261,202,171,246
194,151,290,202,170,247
190,155,273,193,174,231
189,143,291,192,176,236
186,169,274,188,165,236
185,176,266,188,154,233
186,176,256,188,145,237
189,175,253,188,154,233
200,169,239,185,165,244
200,176,230,185,158,231
201,178,227,185,158,232
203,179,228,185,157,232
204,178,229,185,156,233
204,172,226,187,147,225
204,171,227,188,154,262
202,172,228,181,172,267
201,172,234,187,159,266
197,176,234,187,160,267
191,170,233,188,160,267
194,167,235,188,151,229
188,169,233,188,154,238
185,163,241,188,156,241
183,171,250,188,147,217
180,168,244,190,173,247
181,168,243,190,162,264
186,159,237,195,178,230
181,169,248,196,180,234
186,159,238,198,174,239
186,160,239,201,178,236
187,165,252,202,172,227
188,165,254,203,173,228
189,164,257,204,171,243
190,169,268,204,171,243
191,163,265,204,171,244
190,168,261,202,170,247
190,164,249,200,170,221
186,169,246,198,173,225
187,168,277,193,176,232
186,169,274,194,177,230
184,174,278,184,174,250
185,173,272,183,173,250
186,172,269,182,172,251
187,172,261,182,171,255
188,173,256,181,172,255
196,162,256,181,170,246
197,173,236,180,172,256
199,175,231,181,171,258
201,177,220,181,170,257
202,177,225,181,170,258
206,175,221,182,170,261
207,174,219,183,170,263
208,172,216,182,165,258
208,170,218,183,165,260
205,174,228,183,172,271
205,171,231,184,164,262
205,171,237,184,164,260
204,171,227,184,166,262
200,176,241,185,166,263
200,175,223,186,166,264
197,178,226,186,167,265
194,175,223,186,168,268
193,175,228,186,168,266
188,158,233,186,167,264
187,160,236,186,162,277
186,146,217,186,165,256
186,147,221,185,166,254
184,160,235,185,166,255
184,163,241,194,163,265
184,167,245,194,167,260
183,163,232,188,172,261
182,169,245,188,171,245
183,157,230,189,170,240
183,155,228,199,163,247
183,154,227,203,170,223
184,153,228,203,173,222
185,153,230,204,176,221
186,153,229,204,177,228
187,152,229,205,178,234
188,151,226,206,178,233
189,147,221,206,178,234
189,145,218,206,170,242
190,144,218,206,170,242
191,160,267,205,168,245
192,159,258,204,168,245
191,159,262,204,168,246
191,159,254,203,168,248
191,161,264,199,170,222
191,158,269,196,173,223
192,150,240,193,177,222
193,154,246,191,178,227
192,153,242,186,162,229
192,152,239,187,174,237
191,153,236,186,165,237
190,152,232,185,165,240
183,173,278,185,167,243
182,175,272,185,167,243
182,176,265,184,165,239
185,174,262,183,168,246
186,172,257,184,168,249
194,166,241,185,164,242
195,173,233,187,153,220
197,175,229,186,153,223
201,172,224,185,154,230
203,176,224,186,157,234
204,175,222,185,152,222
206,174,220,186,157,237
207,175,223,186,148,234
208,175,230,186,150,224
208,169,220,187,144,205
207,170,221,188,149,237
206,172,223,188,152,242
206,172,224,188,150,240
205,170,243,189,148,238
205,170,222,190,147,236
204,169,227,190,155,249
202,170,230,187,165,272
197,175,243,190,157,251
189,169,233,190,157,267
188,171,241,190,160,270
187,172,245,190,162,271
186,172,245,184,168,283
185,172,247,182,171,283
185,169,249,183,169,283
185,169,247,184,169,274
184,171,248,184,170,264
185,170,249,187,169,259
184,172,249,191,167,249
184,172,250,191,173,239
186,153,235,191,169,228
187,157,236,199,175,216
184,175,256,205,169,201
184,171,259,201,172,242
189,161,260,203,176,232
189,173,268,205,179,233
189,173,269,206,178,233
190,162,260,206,178,234
190,159,250,206,172,240
190,158,248,205,172,241
190,158,246,205,171,206
191,158,247,205,170,201
191,173,275,204,169,196
191,174,279,204,167,247
191,174,279,203,167,248
190,175,279,201,168,249
190,174,278,199,168,250
191,174,278,194,176,245
192,163,264,192,175,247
192,152,238,190,173,246
192,152,238,189,173,248
192,154,239,188,174,231
192,159,248,187,163,228
192,163,268,187,164,233
192,163,266,187,165,236
183,173,265,185,168,242
183,173,264,184,170,244
184,175,255,182,174,246
185,173,254,185,167,244
191,166,242,185,167,246
195,166,232,186,165,246
197,166,230,186,164,248
202,174,220,187,161,247
204,174,221,187,161,245
206,174,220,187,164,250
207,174,220,188,153,235
207,174,221,187,168,255
208,173,220,187,166,258
208,172,218,186,169,267
208,170,220,186,167,266
208,169,222,186,166,265
207,168,226,186,166,265
207,167,227,187,165,265
206,166,230,186,166,266
205,165,250,186,168,268
203,166,235,186,169,269
199,169,223,192,156,289
197,169,236,190,161,284
193,174,235,184,169,283
187,171,238,183,170,284
187,174,241,188,164,272
186,171,247,188,162,271
185,167,245,189,166,265
185,168,249,191,156,272
185,169,247,192,156,268
184,171,250,192,161,261
184,172,250,187,171,257
184,171,249,188,172,251
184,171,249,190,172,240
184,175,255,190,168,228
188,168,254,203,175,238
188,170,258,204,175,233
188,167,261,205,177,235
189,167,262,206,177,235
189,165,264,206,177,235
189,167,266,206,174,238
189,167,266,205,172,241
190,165,270,204,171,205
193,162,265,193,176,245
190,167,274,191,170,243
183,170,285,190,171,245
184,167,285,189,173,228
184,167,284,187,175,227
185,165,280,185,177,229
185,165,277,185,178,234
184,175,256,184,170,243
187,171,251,184,169,248
196,166,226,186,164,245
198,167,232,186,165,250
200,171,219,188,156,242
202,174,217,189,160,246
204,173,217,188,163,249
205,173,219,188,170,258
206,172,227,189,158,258
207,172,223,189,166,255
205,168,225,188,165,266
205,167,225,188,171,273
202,170,247,188,171,273
199,170,228,187,174,277
196,174,248,184,165,285
192,170,242,185,168,286
191,171,224,185,168,286
189,171,224,185,168,286
188,172,234,185,167,285
186,172,243,185,170,274
184,171,249,185,170,270
184,172,250,186,172,251
183,171,250,188,173,248
185,155,234,189,170,234
185,156,238,197,176,226
186,158,237,201,178,242
186,157,237,206,173,238
190,163,265,203,170,244
190,163,265,203,169,246
190,164,266,201,165,251
190,165,266,199,167,251
192,165,267,196,170,251
193,164,267,188,172,245
184,165,275,188,173,222
180,166,283,186,165,241
183,171,270,185,166,243
182,173,259,185,169,248
183,173,256,185,170,248
192,164,244,186,166,246
196,164,232,187,166,248
198,167,251,187,164,247
200,176,223,188,162,251
206,166,225,188,165,264
205,166,226,188,171,272
206,164,229,186,171,272
202,171,247,189,162,283
200,172,247,188,163,283
197,176,246,188,163,284
194,175,223,187,164,284
192,174,225,185,167,283
189,172,243,188,169,273
188,172,244,187,169,271
184,174,253,187,170,260
183,174,254,190,171,253
183,174,254,193,169,249
180,165,243,194,170,237
182,160,238,200,171,228
183,158,239,197,163,230
184,152,234,208,169,241
188,167,256,207,175,233
188,168,260,208,176,233
189,170,263,208,176,232
189,169,264,208,175,237
189,173,266,207,173,218
189,168,263,206,173,215
189,177,274,206,173,209
189,169,265,206,173,204
189,177,282,205,171,198
190,170,274,197,174,242
191,170,274,197,169,244
191,165,267,193,172,248
191,169,270,195,165,249
191,170,271,195,165,235
191,169,267,190,165,239
191,169,265,189,167,244
183,167,273,187,171,246
195,164,243,187,165,245
195,168,229,187,166,253
198,169,224,188,166,254
200,170,222,188,165,252
202,170,221,188,165,252
205,169,218,188,164,250
206,169,214,188,163,249
207,168,212,191,156,249
207,168,211,188,172,269
205,169,215,187,173,274
205,168,198,187,173,277
205,166,247,188,172,276
205,165,248,187,173,278
202,167,249,187,174,279
200,168,250,190,148,289
197,171,250,189,149,289
190,170,232,186,161,285
189,171,229,186,160,286
188,172,234,186,165,285
185,172,251,186,171,260
185,172,251,187,172,257
184,171,251,192,170,233
184,173,249,196,171,222
183,175,252,197,173,217
185,170,252,199,174,221
186,169,255,200,173,229
187,169,256,201,170,229
189,168,259,207,174,224
190,163,263,207,169,213
191,166,265,206,171,211
190,165,262,205,171,205
191,165,264,204,170,244
191,164,266,204,170,198
191,164,266,203,169,246
191,164,266,201,169,248
192,165,267,200,170,248
192,165,267,198,171,249
193,167,268,189,172,225
192,170,269,188,165,238
192,170,264,188,165,239
194,161,255,186,168,245
182,167,275,187,161,235
181,172,258,186,166,240
182,173,256,186,168,243
186,166,260,185,170,245
190,162,251,186,168,244
198,174,217,187,163,254
200,175,215,187,168,255
202,174,214,188,162,250
204,174,213,188,162,257
206,173,218,188,155,239
206,171,211,188,161,255
207,169,214,186,171,266
206,169,195,189,159,263
207,169,210,188,164,268
199,171,232,187,163,270
193,179,243,188,162,270
188,168,239,182,176,279
187,169,244,182,176,278
186,169,235,189,166,273
186,161,238,188,167,271
186,162,233,189,166,272
186,164,239,189,167,270
186,166,243,190,166,270
186,160,231,188,174,263
184,168,245,189,170,252
183,155,238,197,174,237
182,154,237,199,174,233
184,151,235,200,171,242
186,148,221,201,171,244
187,147,220,201,168,227
188,149,223,206,176,231
188,149,221,206,176,230
192,130,220,204,175,241
192,132,221,203,173,242
192,144,259,203,171,244
192,153,266,203,171,245
192,151,264,202,170,247
192,151,264,199,173,246
192,153,265,196,177,245
191,148,238,194,177,245
191,149,237,193,170,221
191,150,237,188,161,224
188,170,263,186,163,235
187,163,274,186,165,244
188,162,273,185,165,245
190,160,270,185,164,243
191,160,268,184,166,242
184,177,257,185,156,224
185,177,250,183,157,226
188,174,254,183,157,225
194,165,250,185,159,236
198,174,231,187,149,226
208,172,222,186,154,243
208,175,222,186,152,242
207,176,223,187,147,232
207,175,225,187,152,244
206,174,227,188,156,252
206,172,231,188,156,251
205,172,243,188,146,234
202,175,243,188,166,268
201,175,225,186,171,274
192,174,225,184,172,281
191,175,231,184,172,281
190,176,238,185,170,282
190,176,236,186,169,282
189,176,238,187,165,281
188,176,239,187,166,279
188,175,251,187,170,266
187,175,253,187,170,256
187,175,251,189,171,250
186,164,255,203,178,232
187,165,257,204,173,227
187,166,258,204,175,228
188,163,257,205,176,228
188,162,256,206,177,229
189,163,258,206,177,229
189,163,258,206,176,234
190,163,257,206,172,214
190,173,270,205,172,208
189,175,272,204,171,197
190,176,277,202,167,249
189,179,282,199,170,248
189,166,267,197,171,249
189,153,242,193,175,227
192,154,274,193,169,223
192,150,236,190,172,229
192,152,238,189,174,237
191,160,249,188,173,239
196,166,236,184,167,249
199,175,233,186,154,239
202,173,229,187,161,247
203,177,223,187,165,255
205,176,225,186,167,256
206,174,223,188,160,246
207,174,221,188,153,237
207,171,217,188,152,238
207,167,225,189,149,233
206,166,230,190,153,243
203,169,237,190,153,267
202,169,237,190,150,238
195,172,227,189,160,253
195,173,242,188,157,246
193,173,229,186,159,245
188,160,231,186,165,255
187,162,239,186,164,251
187,163,241,186,164,249
184,171,246,191,172,243
181,153,232,195,169,233
181,154,230,203,177,232
182,154,230,204,177,236
183,154,231,205,179,235
185,152,230,206,178,226
186,153,230,208,179,233
187,151,227,208,177,226
189,148,238,207,172,194
191,145,233,206,168,246
191,144,232,206,168,245
192,144,233,201,173,245
192,145,234,200,172,247
191,160,270,197,175,247
191,154,245,195,175,247
191,156,246,192,170,245
184,173,259,185,178,243
186,172,258,185,170,243
