37.1,44.5,68.2,44.7,48.1,47.5
52.8,57.9,89.3,59.6,61.4,67.1
68.8,71.3,110,74.4,74.5,86.9
84.9,84.8,130,89.1,87.6,107
101,98.3,150,104,101,127
118,112,169,118,113,148
134,125,187,133,126,168
151,139,206,147,139,189
163,148,217,156,146,206
173,156,225,163,153,220
183,162,231,169,158,233
190,167,235,174,162,243
197,171,237,178,164,252
201,174,237,180,166,259
204,175,236,181,166,264
205,175,232,181,165,268
206,175,229,181,164,271
207,175,227,181,163,274
207,175,226,181,162,277
207,175,226,181,162,280
206,175,226,181,162,282
206,175,228,182,162,285
205,174,230,183,162,287
203,174,232,184,162,289
202,174,234,185,162,290
200,175,237,186,163,290
198,175,241,188,164,290
196,175,245,189,165,289
195,175,248,191,166,287
193,174,252,192,167,284
191,174,255,194,168,281
190,174,259,196,170,277
189,173,262,198,171,273
188,172,265,199,172,269
188,172,268,201,173,265
187,171,270,203,174,261
187,171,273,204,175,257
186,170,275,204,176,252
186,170,276,205,176,247
186,170,278,205,177,243
186,169,279,205,177,240
186,169,280,204,178,237
186,168,281,204,178,237
185,168,282,203,178,236
185,168,282,202,177,236
186,168,281,200,177,236
186,169,280,199,176,236
186,170,279,197,176,237
186,170,277,195,175,237
187,171,275,193,174,238
187,172,272,191,173,239
188,172,269,189,171,241
189,173,265,188,170,242
190,174,261,187,168,244
192,174,257,185,166,245
193,175,252,184,164,246
195,175,247,184,162,246
196,176,243,183,161,247
198,176,239,182,159,248
199,177,235,182,157,249
201,177,232,182,156,250
202,178,229,182,154,251
202,178,228,182,153,253
203,178,226,182,152,255
203,178,226,182,152,257
202,178,226,183,152,259
202,178,227,183,152,261
201,178,229,183,152,263
200,177,231,184,153,265
198,177,233,185,155,267
197,176,236,185,156,270
195,175,239,186,158,272
193,174,241,188,160,274
191,173,243,189,162,274
189,172,245,190,164,274
188,170,246,192,166,273
186,168,248,193,168,272
185,165,249,195,169,271
184,163,249,196,171,269
184,161,249,198,173,266
183,158,249,199,174,263
183,155,248,201,175,261
183,153,247,202,176,258
183,151,247,203,177,255
183,150,246,204,177,252
184,148,246,204,178,249
184,147,246,204,178,245
185,146,246,204,178,243
186,145,246,203,177,241
186,145,247,203,177,240
187,146,247,201,177,239
188,147,247,200,176,238
189,148,247,199,175,238
190,150,246,197,175,237
191,152,246,195,174,238
192,154,246,193,173,239
193,157,246,191,172,240
194,159,245,190,171,241
196,162,243,188,170,243
197,164,241,186,169,245
199,166,239,185,168,247
201,168,236,184,167,250
202,170,234,183,167,253
204,171,232,182,166,255
205,172,230,182,166,258
207,173,228,181,166,262
208,174,227,181,166,265
208,174,226,181,165,269
209,175,225,181,165,273
209,175,225,181,165,277
209,175,225,181,165,281
208,174,226,181,166,284
208,174,227,181,166,288
207,174,228,182,166,290
205,173,230,182,166,292
203,173,233,182,167,294
202,173,235,183,167,295
199,172,237,183,167,295
197,172,239,184,167,295
195,172,242,185,167,294
193,171,244,186,167,292
191,171,247,187,167,289
189,170,249,188,168,286
188,170,251,189,169,281
187,169,253,190,170,276
186,169,255,192,171,270
185,168,256,193,172,263
184,167,258,195,173,256
184,166,259,197,174,250
184,165,260,199,174,244
184,164,261,200,175,238
184,163,262,202,176,233
184,161,263,203,177,228
184,160,264,205,178,223
184,159,264,206,178,219
185,157,265,207,179,216
185,156,265,207,179,213
185,155,265,208,179,211
185,153,266,208,179,210
185,152,267,208,179,210
185,152,269,208,178,212
185,151,271,208,178,214
185,150,272,207,178,215
185,149,274,206,177,217
185,149,275,205,176,218
185,149,277,204,175,220
185,150,279,203,174,221
185,150,281,202,173,222
185,152,283,200,171,223
184,153,285,198,169,224
185,155,287,197,168,225
185,157,288,195,166,226
185,159,289,193,164,226
186,160,289,192,162,225
187,162,288,190,160,224
187,164,286,188,157,223
189,166,283,186,155,221
190,168,281,185,153,220
191,170,278,184,151,219
192,172,275,182,149,218
194,174,271,181,148,218
196,175,267,180,147,218
198,176,262,179,146,218
200,177,258,179,145,219
202,178,254,178,144,220
204,178,249,178,143,221
206,178,246,178,142,222
208,178,242,178,142,224
209,179,240,178,141,227
211,179,237,178,141,230
212,178,235,178,141,233
213,178,234,178,141,237
214,177,232,179,142,240
214,177,231,179,142,244
214,176,230,180,142,247
214,175,229,180,142,251
213,173,228,181,142,254
212,172,227,181,143,256
211,170,227,182,144,259
209,169,226,183,145,261
207,167,226,183,146,262
205,165,226,184,147,264
203,163,226,185,149,264
201,161,227,186,151,265
198,159,227,187,152,264
196,157,228,187,154,263
194,155,228,188,155,262
192,153,230,189,157,260
190,152,231,190,158,257
188,151,233,191,159,254
187,150,236,191,160,251
185,150,238,192,161,248
185,149,241,192,161,245
184,150,243,192,162,243
184,150,246,192,162,241
184,151,248,192,161,238
185,152,249,192,160,236
186,153,250,192,159,235
186,155,251,191,157,233
187,157,251,191,155,232
189,159,251,190,154,231
190,161,251,190,152,231
191,163,250,189,151,232
192,165,249,189,150,233
194,167,248,188,149,235
195,169,246,188,148,237
195,171,244,187,147,238
196,172,243,187,147,240
196,174,241,187,148,242
196,175,240,187,148,243
195,176,240,187,149,245
195,177,240,187,150,247
194,178,240,187,151,248
193,178,241,188,153,250
192,178,242,189,155,251
191,178,244,190,158,251
190,177,245,191,160,250
189,176,247,192,162,249
188,176,249,193,164,248
187,174,252,194,166,245
186,173,254,196,168,243
185,171,255,197,170,241
184,169,257,199,171,238
184,167,258,200,173,236
184,165,259,202,174,233
184,163,260,203,175,230
184,161,261,203,176,227
185,159,262,204,177,224
185,157,263,204,177,221
186,156,263,204,177,219
186,154,263,204,176,219
187,153,262,203,176,218
188,153,261,202,175,218
189,152,260,201,174,219
190,152,258,200,173,219
191,153,257,198,172,220
193,154,255,197,171,221
194,155,253,195,169,222
195,157,251,194,167,224
197,158,248,192,165,225
199,160,245,191,163,227
200,162,242,189,162,229
202,164,238,188,160,232
204,165,234,187,158,234
205,167,231,186,157,237
206,168,228,186,155,240
207,170,226,185,154,243
208,171,223,185,152,246
209,172,222,185,151,249
209,173,220,185,150,252
209,173,220,185,149,255
208,173,219,186,149,258
208,173,220,186,149,261
207,173,220,187,149,264
205,173,222,187,150,267
204,172,223,188,151,270
202,172,224,189,152,272
200,171,226,190,153,274
198,170,227,190,154,275
195,169,229,191,156,274
193,168,230,192,158,273
191,166,232,193,160,270
189,165,233,195,162,267
187,163,235,196,164,263
186,161,236,197,166,260
184,160,237,199,168,256
183,158,238,200,170,251
183,156,238,202,171,247
182,155,239,203,172,243
182,153,239,204,173,238
182,152,240,205,174,234
182,151,241,205,175,230
182,150,242,205,175,226
183,150,243,206,176,224
183,150,245,205,176,222
184,150,246,205,176,222
185,150,247,204,175,223
185,151,248,203,175,225
186,153,249,202,174,226
187,154,249,200,173,228
189,156,249,198,173,230
190,158,249,196,172,233
191,160,248,194,171,235
192,161,247,192,170,238
194,163,246,191,169,241
195,165,245,189,169,244
197,167,243,187,168,246
198,168,240,186,167,248
200,170,238,184,166,251
202,171,236,183,165,253
203,172,233,182,164,255
204,173,231,182,163,257
205,174,230,181,162,259
206,175,228,181,161,262
206,175,228,181,160,264
206,175,227,181,159,267
206,175,227,181,159,269
205,174,227,181,159,271
204,174,228,182,159,273
202,173,229,182,159,275
201,173,230,183,159,277
199,172,231,184,160,279
197,171,232,185,161,280
195,169,233,186,161,280
193,168,235,187,162,280
191,166,236,188,163,279
189,163,237,189,165,277
187,161,238,191,166,274
185,158,239,192,168,271
184,156,240,194,169,268
183,154,241,196,170,264
182,152,243,197,171,261
182,150,245,199,172,257
182,148,247,201,173,253
182,146,249,202,173,249
182,145,252,204,174,245
183,144,254,205,174,241
183,143,257,206,175,239
184,143,260,206,175,237
184,143,262,206,175,236
185,143,265,206,175,235
186,145,267,206,175,235
187,146,269,205,175,235
188,148,271,204,174,235
189,151,272,202,174,236
190,153,273,201,173,236
191,156,272,199,173,238
192,158,272,197,172,239
193,160,270,195,171,240
195,163,268,193,170,242
196,165,266,191,169,243
197,167,263,189,168,245
199,169,259,188,167,246
201,171,256,187,166,247
202,173,252,185,164,248
204,174,249,185,163,249
205,175,246,184,162,250
206,175,243,183,161,251
207,176,239,183,160,253
207,176,237,183,160,254
207,175,235,183,159,256
207,175,233,183,159,257
207,174,232,184,159,258
206,173,230,185,160,259
205,172,229,185,161,261
204,171,229,186,162,261
203,170,228,187,163,261
201,168,228,189,165,261
200,167,228,190,166,261
198,165,229,191,167,259
196,163,230,192,169,258
194,162,231,193,170,256
193,160,232,194,171,254
191,159,233,196,172,252
190,157,235,197,173,249
188,157,237,198,174,246
187,156,238,198,174,242
186,156,240,199,175,240
185,156,242,199,174,237
185,156,245,198,174,233
184,157,247,198,173,231
184,158,249,197,172,228
184,159,252,196,170,226
184,161,254,195,169,223
184,163,256,194,167,222
184,165,257,192,165,220
185,167,258,191,163,219
186,169,258,189,161,218
187,172,258,188,159,217
188,174,257,186,157,216
190,175,256,185,155,216
192,177,254,184,153,216
193,178,252,183,151,216
195,179,249,182,150,216
197,180,247,182,148,217
199,181,244,182,147,218
201,181,241,181,146,220
203,182,239,181,145,222
204,182,236,182,145,225
206,181,234,182,145,228
207,181,232,182,145,231
207,181,231,182,145,235
208,180,230,183,146,238
208,179,229,183,146,243
207,178,229,184,148,247
206,177,229,184,149,251
205,176,230,184,151,255
204,176,230,185,152,258
202,174,231,185,154,262
200,173,232,185,157,264
198,172,233,186,159,266
196,171,234,186,161,268
194,169,234,187,163,269
192,168,235,188,165,268
190,166,235,189,167,267
188,164,234,190,169,266
187,162,234,191,171,263
185,160,233,193,172,260
184,158,233,194,173,257
183,156,232,196,175,254
183,153,230,197,175,250
183,151,229,199,176,247
182,149,227,201,176,244
183,146,226,203,177,240
183,144,224,204,177,238
183,142,223,205,177,235
184,140,222,206,176,232
185,139,221,207,176,229
185,137,221,208,176,227
186,136,221,208,176,226
186,136,222,208,176,226
187,135,223,208,176,225
187,136,224,207,175,225
187,136,225,207,175,226
188,136,227,206,175,226
188,137,230,204,175,227
188,139,232,203,176,227
188,140,235,201,176,228
188,143,237,199,176,229
189,145,239,197,176,231
189,147,241,195,176,233
189,150,242,193,177,235
190,153,244,191,177,238
190,155,244,189,177,241
191,158,244,188,177,243
192,161,244,186,177,246
194,163,242,184,177,249
195,165,240,183,176,252
197,167,238,182,176,255
199,168,235,181,176,258
200,170,233,180,176,261
202,171,230,180,176,264
204,172,228,180,176,267
205,173,225,179,175,270
207,174,223,179,175,273
208,174,221,179,175,276
209,174,220,180,174,278
210,174,219,180,174,280
210,174,218,180,174,283
210,174,218,181,173,285
210,174,219,181,173,287
209,174,220,182,173,289
208,174,222,182,172,290
207,174,224,183,172,291
205,174,226,183,172,292
203,174,227,184,171,293
201,174,229,184,171,293
199,174,231,185,171,293
197,174,233,186,170,292
195,173,234,186,170,291
193,172,235,187,171,290
191,171,237,188,171,287
189,170,238,189,171,285
187,169,239,191,172,281
186,168,240,192,172,277
184,166,240,193,173,273
183,165,240,195,173,268
182,163,241,196,174,264
182,161,241,198,174,259
181,159,241,200,175,255
181,157,242,202,175,251
181,156,243,203,176,247
182,154,244,205,176,243
182,153,245,206,176,239
183,152,247,208,176,235
183,151,249,209,176,232
184,151,251,209,176,229
184,151,254,210,176,227
185,151,256,210,176,226
185,151,258,210,176,226
185,152,261,209,175,226
186,153,264,209,175,227
186,154,266,208,175,227
186,155,269,206,175,228
186,156,271,205,175,229
187,158,272,203,174,230
187,159,273,201,174,231
188,161,274,199,174,233
188,162,274,198,174,235
189,163,273,196,174,237
190,164,271,194,174,240
191,166,269,192,174,242
193,167,265,191,174,245
194,167,262,189,173,247
196,168,257,188,173,249
198,169,252,187,173,251
200,169,248,186,173,253
202,169,243,185,172,256
204,170,238,184,172,259
206,170,233,184,172,262
207,170,229,183,172,265
209,171,226,183,172,269
210,171,222,183,171,272
211,171,219,183,172,275
211,171,217,183,172,279
212,171,216,183,172,282
212,172,215,183,172,285
211,172,215,183,172,287
210,172,216,184,172,290
209,172,218,184,172,292
208,173,219,184,172,294
206,173,221,184,172,296
204,174,223,184,172,298
202,174,226,184,172,299
199,174,228,185,172,299
197,175,230,185,172,298
195,175,232,185,172,297
193,175,235,185,172,295
191,175,237,186,172,293
189,175,240,186,172,290
187,175,242,187,172,287
185,175,245,187,173,284
184,175,247,188,173,280
183,175,249,189,174,276
182,174,251,190,175,272
181,174,253,192,175,266
181,173,254,193,176,261
180,173,256,195,177,256
180,172,257,196,177,251
180,172,258,198,178,246
180,171,260,200,179,241
181,170,261,202,179,238
181,169,262,203,179,234
181,168,263,205,180,231
182,167,263,206,180,229
182,166,263,207,180,226
183,165,262,208,180,224
184,164,261,208,180,223
184,162,260,209,179,222
185,161,259,209,179,222
185,160,259,208,179,222
185,159,259,208,178,224
186,158,259,207,178,225
186,157,259,206,177,226
186,156,259,204,177,228
187,156,259,203,176,229
187,156,258,201,176,231
188,155,258,199,176,233
188,156,257,197,176,234
189,156,256,195,175,236
190,157,256,194,174,237
191,159,255,192,174,239
192,160,255,190,173,241
193,162,254,188,172,242
194,164,252,187,172,244
195,166,250,185,171,245
197,167,248,184,170,246
199,169,245,183,169,247
200,170,242,182,167,248
202,172,239,182,166,249
203,173,236,181,165,250
204,174,234,181,163,250
205,175,232,181,162,251
206,176,231,181,161,252
207,177,229,181,160,254
207,176,228,182,159,256
207,176,227,182,159,257
207,175,226,183,158,259
206,175,226,183,158,260
205,174,226,184,158,262
203,173,227,185,158,262
202,173,228,186,159,264
200,172,230,186,160,265
198,171,232,187,161,266
196,170,234,188,162,266
194,169,235,189,163,267
192,168,236,190,165,266
191,166,237,191,166,266
189,165,237,192,167,264
188,164,237,193,168,262
187,162,237,195,170,259
186,161,237,196,171,255
185,160,237,197,172,252
184,160,238,199,174,248
184,159,238,200,175,245
184,157,238,202,176,242
184,156,237,203,176,239
185,155,237,204,177,236
185,154,237,205,177,233
186,153,238,206,177,231
186,152,239,206,177,229
186,152,240,207,178,227
187,152,242,207,178,226
187,153,245,207,178,226
187,154,248,207,178,226
187,155,252,206,178,227
187,156,255,205,177,228
187,157,258,204,177,229
188,158,261,203,177,231
188,159,264,201,176,232
188,160,266,200,176,232
188,161,268,198,175,233
188,163,270,196,175,234
188,164,270,194,174,234
188,166,270,193,173,234
189,167,269,191,172,235
189,168,268,190,171,235
190,170,266,188,170,236
191,171,263,187,168,236
192,171,258,186,166,236
194,172,253,185,165,235
195,173,248,184,163,235
197,173,243,184,161,235
199,174,239,184,159,234
200,175,234,184,156,234
202,175,230,184,155,234
203,176,226,184,153,234
205,176,223,184,151,234
206,177,220,185,150,235
207,177,217,185,149,237
207,177,215,185,147,239
207,177,213,186,147,241
207,177,212,186,146,243
207,176,213,187,145,245
206,176,214,187,145,248
205,176,216,187,145,251
204,176,217,188,146,254
202,176,219,188,147,258
201,175,221,188,148,261
199,175,223,188,150,265
197,175,225,188,151,267
195,174,228,189,153,269
193,173,230,189,154,271
191,173,233,190,156,272
189,172,235,190,157,272
188,172,238,191,159,270
186,171,240,192,161,268
185,170,243,193,163,265
184,169,244,194,165,262
183,167,245,195,167,258
182,166,246,196,169,254
182,164,247,198,171,250
182,162,248,199,172,246
182,160,249,200,173,242
182,158,250,201,174,238
183,156,251,202,175,235
183,154,251,203,175,232
184,152,251,204,176,229
184,150,251,204,176,227
185,148,251,204,176,226
185,147,251,203,176,225
186,145,251,203,176,226
186,145,251,202,176,227
187,144,251,201,175,228
187,145,252,199,175,229
188,146,252,198,174,231
188,147,251,196,173,233
189,148,250,194,173,235
190,150,248,193,172,236
190,152,247,191,171,238
191,154,245,189,171,240
192,156,243,188,170,242
193,158,241,187,170,244
195,161,239,185,169,247
196,163,237,184,169,249
198,166,234,183,168,251
200,168,231,182,168,252
201,169,229,182,167,254
203,171,227,181,167,256
205,172,225,181,166,259
206,173,223,181,166,261
207,174,222,181,165,264
208,174,221,181,165,267
209,175,221,181,164,270
209,175,221,181,164,273
210,175,222,182,163,276
209,175,223,182,163,279
209,174,224,183,162,282
208,174,226,183,162,284
207,174,227,184,162,287
206,174,229,184,162,289
204,174,231,185,161,291
202,173,232,185,161,292
200,173,233,186,161,293
198,172,234,187,161,292
196,171,235,187,161,292
194,171,236,188,161,290
192,170,237,189,162,288
191,169,238,190,163,285
189,167,238,191,164,282
187,166,238,192,165,278
186,165,237,193,166,273
185,163,237,194,167,267
184,162,237,195,168,261
183,160,236,197,170,255
183,159,236,198,171,250
183,157,237,200,172,244
183,156,237,201,173,239
183,155,238,203,174,234
183,154,239,204,175,230
183,154,241,205,176,226
184,154,243,206,176,223
184,153,245,207,177,220
184,154,247,208,177,218
185,154,250,208,177,216
185,155,254,208,177,214
185,156,258,208,177,214
185,157,262,208,177,215
185,158,265,207,177,216
185,159,268,206,176,218
185,160,271,205,176,220
185,162,273,203,175,222
185,163,275,202,175,224
186,165,276,200,174,225
186,166,277,198,174,226
186,167,276,197,173,227
187,168,275,195,171,228
187,169,273,194,170,229
188,171,270,192,168,230
189,172,266,191,167,232
190,172,262,190,165,233
192,173,256,189,162,234
194,174,251,189,160,235
195,174,246,188,157,235
197,175,241,188,154,236
199,176,237,188,151,236
200,176,233,188,149,238
201,176,230,188,146,239
203,176,226,189,144,241
203,176,224,189,142,244
204,176,222,189,140,247
204,176,220,190,139,250
204,175,220,190,138,254
204,175,220,190,138,257
203,175,221,190,137,261
203,174,222,190,138,264
201,174,224,190,139,267
200,174,226,190,140,269
198,173,228,190,142,271
197,173,230,190,145,273
195,173,231,190,148,275
193,172,233,190,151,275
192,172,236,190,153,275
190,172,238,190,156,274
189,171,241,191,159,273
188,171,243,191,161,270
187,170,246,192,164,267
186,170,248,193,166,262
185,169,251,194,169,257
185,169,254,195,171,252
185,168,257,196,173,247
185,168,260,198,174,242
185,167,263,199,175,238
186,167,267,200,176,234
186,167,271,202,177,230
187,166,275,203,177,226
187,166,278,203,177,223
188,165,281,204,178,220
188,164,283,205,178,218
189,164,285,205,178,216
190,163,287,205,178,214
190,162,289,205,178,214
190,161,289,204,177,215
191,160,289,203,177,216
191,160,288,202,177,217
191,159,287,201,176,218
191,158,285,199,176,219
191,158,283,198,175,220
191,157,279,196,174,220
191,156,275,194,174,221
191,156,271,192,172,222
191,156,266,191,171,223
191,157,262,189,170,224
191,157,258,188,168,225
192,158,254,187,167,226
192,160,250,185,165,227
193,161,246,184,164,228
194,163,243,184,162,228
195,165,240,183,160,228
196,167,237,182,158,228
197,168,234,182,156,228
198,170,231,182,155,228
200,171,229,182,153,229
201,173,228,182,151,230
202,174,227,182,150,231
204,176,227,183,148,232
204,177,226,183,147,233
205,178,226,183,146,235
206,178,227,183,146,237
206,179,227,184,145,239
206,179,228,184,145,241
206,179,229,184,146,244
205,179,230,185,146,246
205,179,231,185,147,249
203,179,232,185,148,252
202,179,234,186,150,255
200,179,236,186,151,257
199,179,238,187,153,259
197,179,240,187,155,261
195,179,242,188,157,262
193,178,244,189,160,262
192,178,246,190,163,262
190,177,247,191,165,261
188,176,249,192,167,259
187,175,251,193,170,256
186,174,252,195,171,253
185,172,254,196,173,249
184,171,255,198,175,246
184,169,256,200,176,242
184,168,257,202,178,238
183,166,258,203,179,235
183,164,259,205,179,231
184,163,260,206,180,228
184,161,262,207,180,226
184,160,263,207,180,223
185,159,264,208,180,221
185,158,266,208,180,220
185,157,267,208,180,219
185,157,269,207,179,219
185,157,270,207,179,220
186,157,271,206,179,221
186,158,272,205,179,223
186,159,273,203,178,224
186,160,274,201,178,226
186,161,274,200,178,227
186,162,274,198,177,229
186,164,273,196,176,231
186,165,272,194,176,232
187,167,271,192,175,234
188,169,269,190,174,236
189,170,266,189,173,237
190,172,263,187,172,238
191,173,259,186,171,240
193,175,255,185,169,241
195,176,252,184,167,241
197,176,248,183,165,242
199,177,244,182,163,243
200,178,240,182,161,243
202,178,237,182,159,244
204,178,234,182,157,245
205,179,231,182,155,246
206,179,229,183,153,247
207,178,227,183,151,248
208,178,226,183,150,250
208,177,225,184,149,251
208,177,225,185,148,253
207,176,225,185,147,255
206,175,226,186,147,257
205,175,226,187,147,259
203,174,227,187,147,260
202,173,227,188,148,261
200,172,228,189,149,262
198,171,229,189,151,262
196,170,230,190,152,262
194,168,231,191,154,261
192,167,232,192,156,259
191,166,233,193,158,258
189,164,233,194,160,256
188,163,234,195,161,254
187,162,235,196,163,251
186,160,236,197,165,248
185,159,237,198,167,244
185,158,239,199,168,241
184,157,240,200,170,237
184,156,243,201,171,234
184,156,245,201,172,231
184,155,247,202,173,228
184,155,250,202,173,226
184,155,252,202,174,224
184,156,255,202,174,224
185,157,258,201,174,224
185,158,260,200,174,224
185,159,262,199,173,223
185,160,264,198,173,223
186,162,265,197,172,224
186,163,265,195,171,224
187,165,265,194,170,225
187,166,264,192,169,226
188,168,262,190,168,227
189,170,260,189,166,228
190,171,257,188,165,229
192,173,253,186,164,230
193,174,249,185,162,230
195,176,245,184,160,231
197,177,241,183,159,230
199,177,236,183,157,230
201,178,232,182,155,229
203,179,228,182,153,229
204,179,224,182,152,229
206,180,221,182,150,229
207,180,218,182,149,229
208,180,216,182,148,229
209,180,214,183,147,230
209,180,213,183,146,230
209,180,213,183,145,231
209,180,213,184,145,233
209,179,214,184,145,234
208,179,216,185,145,236
206,179,218,185,145,239
205,179,220,186,146,241
203,178,222,186,147,244
201,178,225,186,148,247
199,178,228,187,150,249
197,177,230,187,151,252
195,177,233,188,153,254
193,177,236,189,155,256
191,176,239,190,157,257
189,176,241,191,159,259
187,175,244,192,161,259
186,174,247,193,164,259
184,174,249,194,166,257
183,173,251,196,168,255
183,172,253,197,170,252
182,171,255,199,171,248
182,170,256,200,173,244
182,170,258,202,174,241
182,169,260,204,175,237
183,168,262,205,176,234
183,167,264,206,177,230
184,166,265,207,178,226
184,166,267,208,178,223
185,165,269,208,178,219
185,165,270,209,178,216
186,164,271,208,177,214
186,164,272,208,177,212
186,164,273,208,176,211
187,163,274,207,174,211
187,163,274,206,173,213
187,163,274,204,172,215
187,164,273,203,170,216
188,164,272,201,169,218
188,164,271,199,168,219
189,165,269,197,166,221
189,165,266,195,164,223
190,166,263,194,163,225
191,166,260,192,161,227
192,167,256,190,160,229
193,168,252,189,158,232
195,169,247,187,157,234
196,170,243,186,157,237
198,171,238,185,156,239
200,171,234,184,156,241
202,172,230,183,156,242
204,173,227,182,156,244
205,173,224,182,156,245
207,174,221,181,156,247
208,174,219,181,156,250
209,174,217,181,156,252
210,174,216,181,156,255
210,174,215,181,157,258
210,174,216,181,158,260
209,174,216,181,158,263
209,174,218,181,159,266
208,174,219,182,160,269
206,173,221,182,161,271
204,173,224,182,161,273
202,172,226,183,162,275
200,172,228,184,163,277
198,171,230,185,164,278
195,170,231,186,164,278
193,169,233,187,165,278
191,168,234,188,166,277
189,167,235,189,167,275
188,166,236,191,168,273
186,164,237,192,169,270
185,163,237,194,170,267
185,161,237,196,172,263
184,160,237,197,173,258
184,158,237,199,174,254
184,156,237,201,174,250
184,155,237,202,175,246
185,154,238,204,176,242
185,153,239,205,177,238
186,152,240,206,177,234
187,151,242,206,177,231
187,151,243,206,177,228
188,151,246,206,177,226
188,151,248,206,176,224
189,152,251,205,176,223
189,152,253,204,175,222
190,153,256,203,174,223
190,154,257,202,173,224
191,155,258,200,172,225
191,157,259,199,171,226
192,158,259,197,169,227
192,159,258,195,168,227
193,160,257,194,166,228
194,162,255,192,164,229
195,163,253,191,163,231
196,165,250,189,162,232
197,166,246,188,160,233
199,167,242,187,158,234
200,168,238,187,157,235
201,168,234,186,155,236
203,169,230,186,154,237
204,169,226,185,153,238
204,170,224,185,152,239
205,170,222,185,152,240
205,170,220,185,151,242
205,171,220,185,151,244
204,171,219,185,151,246
204,171,219,185,151,249
203,171,220,185,152,251
201,171,221,185,153,253
200,171,223,186,154,255
198,171,225,186,155,257
196,170,227,186,157,259
193,170,229,187,159,261
191,170,232,187,161,262
190,169,234,188,163,263
188,169,236,189,165,263
186,168,239,190,167,262
185,167,241,191,169,259
184,167,243,192,171,257
183,166,245,194,172,254
183,165,247,195,174,250
183,164,249,197,175,246
183,163,251,198,176,243
183,162,253,200,177,239
183,162,255,201,178,235
184,161,258,202,178,231
184,161,261,203,178,228
185,161,264,203,178,224
185,161,268,204,178,221
185,161,271,204,178,219
185,161,273,204,177,217
186,162,276,203,176,216
186,162,279,203,175,216
186,163,281,202,174,217
186,164,283,200,173,218
185,165,284,199,172,218
185,166,284,197,171,219
185,167,284,196,170,221
185,169,284,194,169,222
186,170,282,192,168,224
186,171,280,191,167,226
187,172,277,189,166,228
188,173,274,188,165,230
189,174,269,186,164,232
190,175,264,185,163,234
192,176,260,184,163,237
194,176,255,183,163,239
196,177,250,182,163,241
198,177,245,181,163,244
200,178,240,181,163,246
202,178,237,180,163,249
204,178,233,180,163,252
205,178,230,180,163,255
207,178,228,180,164,258
208,177,226,180,164,261
208,177,225,180,164,265
209,176,225,180,164,268
209,176,225,180,165,271
208,175,226,181,165,274
207,174,227,181,166,277
206,173,228,182,166,279
205,172,230,182,166,281
203,171,232,183,167,282
201,170,233,184,167,283
198,169,234,185,167,283
196,168,236,186,168,282
194,167,237,187,168,280
192,166,238,189,169,278
190,164,240,190,170,275
189,163,241,191,171,271
187,162,242,193,172,267
186,161,243,195,173,262
185,160,244,196,174,258
185,159,245,198,175,253
184,158,246,200,175,248
184,157,248,202,176,243
184,156,251,203,176,239
184,156,253,205,176,236
185,155,256,206,177,232
185,155,260,206,177,229
186,155,264,207,177,227
186,155,268,207,176,226
186,155,271,207,176,224
187,155,274,207,175,224
187,155,277,206,175,225
187,155,280,205,174,226
187,156,282,204,173,228
188,157,284,202,172,230
188,157,286,201,172,231
188,159,286,199,171,233
189,160,285,197,170,235
189,161,283,195,169,237
190,163,281,193,168,239
191,164,277,191,167,241
192,166,272,189,166,244
193,167,267,188,166,246
195,168,262,186,165,248
196,169,257,185,164,250
198,170,252,184,164,252
200,171,247,183,163,254
202,171,242,182,162,256
204,172,238,182,162,258
205,173,234,181,161,261
207,173,230,181,161,263
208,173,227,181,161,266
208,173,225,181,161,268
209,173,223,181,161,271
209,173,222,181,161,273
208,172,223,181,162,276
208,172,224,182,162,278
207,172,225,182,162,279
205,172,226,182,162,281
203,171,228,183,163,282
202,171,229,184,163,283
199,171,230,184,164,283
197,170,231,185,165,283
195,169,233,186,166,282
193,168,234,187,166,280
191,167,235,188,167,277
190,166,237,190,168,274
188,165,238,191,168,271
187,164,240,193,169,267
186,163,241,194,170,262
185,162,242,195,171,258
185,161,243,197,172,253
185,160,244,198,173,248
185,159,245,199,174,244
185,159,246,200,175,240
186,158,247,200,175,237
186,158,248,201,176,234
187,158,248,201,176,231
188,158,249,201,176,229
189,158,249,201,176,228
190,159,249,200,176,228
192,160,249,199,176,228
193,161,248,198,176,230
194,162,246,197,175,232
196,163,244,195,175,234
197,164,241,194,174,237
199,165,238,192,173,240
200,166,235,191,172,243
202,167,231,189,171,246
203,168,228,188,171,250
204,169,226,187,170,253
206,169,224,186,170,257
206,170,222,185,169,260
207,170,220,184,169,264
207,171,218,183,168,267
207,171,217,183,168,270
207,171,217,183,167,273
206,171,217,183,167,276
205,171,218,183,167,278
204,171,220,183,167,280
203,171,222,183,167,282
201,172,224,184,167,283
199,172,227,184,167,283
197,172,229,184,168,283
195,172,231,185,168,283
193,172,234,186,168,282
190,172,237,187,168,281
188,172,239,188,169,278
186,172,242,189,169,275
185,172,244,190,169,272
183,172,247,191,170,268
182,172,249,193,171,263
181,172,251,194,171,259
180,172,253,196,172,254
179,172,255,197,172,249
178,172,257,199,172,245
178,172,259,201,172,241
178,172,262,203,172,237
177,172,264,204,172,233
177,171,266,205,172,230
177,171,269,206,172,227
177,171,271,207,172,225
178,171,273,208,172,224
178,171,275,208,171,223
178,171,277,208,171,222
178,171,279,207,170,222
178,172,281,207,169,223
178,172,283,206,169,224
178,173,284,204,168,225
178,173,286,203,168,226
178,173,286,201,168,227
179,174,287,199,167,228
179,174,286,197,167,230
180,174,286,195,166,231
181,175,285,192,165,232
182,175,282,190,164,233
183,176,280,188,163,234
185,176,277,186,162,234
186,177,274,185,160,234
188,177,270,183,159,235
190,178,266,182,158,235
192,178,261,181,156,236
194,178,257,180,154,236
196,178,253,179,153,237
198,179,248,179,151,238
200,179,244,179,150,239
201,179,241,179,148,239
202,179,238,179,147,240
203,179,235,179,147,242
204,178,234,180,147,243
204,177,232,181,147,244
204,176,232,182,148,246
203,175,232,184,149,247
202,174,233,185,151,249
201,173,234,187,152,249
200,171,235,188,154,250
198,169,237,190,156,250
196,167,240,192,159,249
195,165,242,194,161,249
193,163,245,197,163,248
192,160,248,199,166,246
191,158,250,201,168,244
190,156,254,203,170,242
189,154,257,205,172,240
188,152,260,206,174,238
187,150,263,208,175,236
187,149,266,208,176,234
187,148,268,209,177,232
186,147,271,209,178,231
186,147,274,209,178,230
186,147,276,208,178,229
186,148,279,208,178,228
187,148,280,207,177,228
187,150,282,205,177,228
187,151,282,204,176,228
187,153,283,202,175,228
187,156,283,200,174,229
187,158,282,197,173,229
188,160,281,195,172,230
188,163,280,193,171,231
189,165,277,192,169,231
190,167,275,190,168,232
191,170,271,188,166,232
192,172,267,187,164,232
194,174,263,185,163,232
195,175,258,184,161,231
197,176,253,183,159,231
199,178,248,182,157,230
201,179,244,182,156,229
202,179,240,182,154,229
204,180,236,181,152,229
206,180,232,181,150,229
207,180,229,181,149,230
208,180,227,181,148,231
208,180,225,182,146,232
209,180,223,182,145,233
209,179,222,183,145,235
208,179,221,183,144,237
207,178,222,184,144,240
206,178,222,184,144,243
205,177,224,185,144,245
203,177,225,185,145,249
201,176,226,186,146,252
199,176,228,187,147,256
197,175,230,187,149,259
195,174,232,188,151,262
193,173,234,189,153,263
191,172,236,191,154,264
190,171,238,192,157,264
188,169,240,193,159,263
187,168,242,194,161,262
186,167,244,196,163,260
185,165,246,197,165,258
185,164,248,199,167,256
184,162,250,200,168,253
185,161,251,202,170,250
185,159,253,203,171,247
185,158,255,204,172,244
185,157,257,205,173,240
186,157,258,205,174,237
186,156,260,206,174,235
187,156,261,205,174,234
187,157,261,205,174,233
188,157,262,204,173,232
189,158,261,204,173,232
189,159,261,203,172,232
190,160,260,201,171,231
191,161,258,200,170,231
193,162,256,198,169,231
194,163,254,196,167,232
195,165,252,195,166,232
196,167,250,193,164,233
197,168,247,191,162,234
199,169,244,190,160,235
200,170,241,189,158,236
201,171,238,188,156,237
202,172,236,187,155,238
203,173,234,186,154,240
203,173,232,186,152,241
203,173,231,185,151,243
203,174,231,185,151,246
203,174,231,185,150,248
202,174,231,185,150,251
201,174,232,185,151,254
199,174,233,185,151,258
198,174,234,186,153,260
196,174,235,186,154,262
194,174,237,187,156,264
193,173,238,187,158,265
191,173,240,188,160,266
189,172,242,189,162,267
187,172,243,190,164,266
186,171,245,191,166,265
185,170,246,192,168,263
184,169,246,193,170,260
183,168,247,195,172,256
183,167,248,196,174,253
183,166,248,198,175,249
183,165,248,199,176,245
183,164,248,201,178,241
184,162,248,202,178,237
184,161,248,203,179,234
185,159,248,204,180,231
185,158,248,205,180,228
186,157,249,205,180,225
187,155,249,206,180,223
187,154,248,206,180,222
188,153,248,206,179,222
188,152,248,205,179,224
188,151,248,204,179,226
189,151,248,203,178,229
189,150,248,202,178,232
189,150,248,201,177,235
190,150,247,199,176,238
190,150,246,198,175,241
191,151,245,196,174,243
192,152,244,195,173,246
192,153,242,193,172,248
193,154,240,192,170,251
194,155,238,190,169,253
195,157,236,189,167,256
197,159,234,188,166,257
198,161,232,187,164,258
199,163,230,186,163,257
201,164,228,186,161,257
202,166,226,185,160,256
203,167,224,185,159,256
204,169,223,185,157,255
204,170,222,185,156,255
205,171,222,185,155,255
204,171,222,185,154,255
204,172,222,186,154,255
203,172,223,186,154,256
202,173,225,187,155,256
201,173,226,188,155,256
200,173,228,189,156,256
198,173,230,190,157,256
196,172,232,191,159,256
194,172,235,192,160,255
192,171,236,194,161,255
190,169,238,195,163,253
189,167,239,196,164,251
187,165,241,197,166,248
186,163,242,199,167,246
185,160,242,200,169,243
184,157,242,201,170,240
184,154,242,203,171,237
183,151,241,204,172,234
183,147,239,205,172,231
183,143,237,205,172,227
183,139,235,206,172,225
183,135,233,206,172,223
183,131,231,206,171,222
184,127,229,205,170,223
184,125,228,205,169,224
184,123,228,204,168,225
185,122,227,203,167,228
186,122,225,202,165,230
186,122,224,201,164,233
187,123,224,199,162,236
188,125,223,198,161,239
189,127,223,196,159,243
190,130,223,195,158,246
191,134,224,193,157,250
192,138,225,191,156,254
194,142,225,190,155,257
196,146,225,188,154,260
198,151,225,187,153,261
200,155,224,186,153,260
201,158,223,185,153,259
203,162,222,183,153,259
205,164,220,183,152,259
207,167,220,182,152,259
208,169,219,181,153,259
209,171,218,181,153,259
210,172,217,181,153,260
211,173,217,181,153,261
211,173,216,181,153,262
211,174,216,181,153,263
210,173,216,182,154,264
210,173,216,182,154,265
208,173,218,183,154,267
207,172,219,183,155,270
205,172,220,184,156,273
203,171,221,185,156,276
201,170,223,186,157,278
199,169,224,187,157,279
196,169,226,188,158,279
194,167,228,189,159,279
192,166,229,191,160,277
190,165,230,192,162,275
188,164,232,193,163,273
186,163,233,195,164,270
185,161,234,196,166,266
184,160,236,197,167,263
183,159,237,199,168,259
183,158,238,200,169,255
182,157,239,201,170,251
182,155,240,203,171,247
183,154,241,204,172,244
183,153,242,204,173,241
184,153,244,205,173,238
184,153,245,205,173,237
185,153,246,205,173,236
186,153,247,204,173,235
187,154,247,204,172,235
188,154,248,203,172,236
189,155,248,202,171,237
190,156,248,201,170,238
191,157,247,199,170,240
193,158,246,197,169,242
194,159,245,196,168,245
195,161,244,194,167,248
196,162,242,192,167,251
197,164,241,191,166,255
197,165,239,189,167,258
198,167,238,188,167,262
199,168,236,187,167,266
199,169,235,186,167,269
199,170,235,185,167,272
199,170,234,185,167,275
198,171,234,185,167,278
198,171,234,185,168,280
196,171,235,185,168,282
195,171,235,185,168,283
194,171,237,186,169,283
192,171,238,186,169,283
191,170,239,187,170,282
189,170,240,188,170,280
188,169,242,190,171,277
187,168,244,191,171,274
186,167,246,192,171,270
185,166,247,194,171,265
184,165,249,195,172,261
183,164,250,197,173,256
183,163,251,198,173,251
183,162,253,199,174,247
183,162,254,201,174,242
183,161,256,202,175,238
183,161,258,203,175,234
184,161,260,204,175,230
184,161,262,204,175,227
184,161,265,205,175,225
185,161,268,205,175,223
185,162,271,204,175,221
185,162,273,204,175,220
185,163,275,203,175,221
185,163,277,202,174,221
184,164,279,201,174,222
184,165,279,200,173,223
184,166,280,198,172,224
185,167,280,197,171,225
185,168,279,195,170,226
185,169,277,194,169,228
186,169,275,192,168,230
186,170,272,191,167,233
187,171,268,190,166,236
189,171,264,188,165,239
190,172,260,187,164,241
192,172,255,187,163,245
194,172,250,186,163,247
195,172,246,185,162,250
197,172,241,185,161,253
199,172,238,185,161,256
200,172,235,184,161,259
201,172,232,184,161,262
202,172,230,184,161,266
203,172,229,184,161,269
203,171,228,184,162,272
203,171,228,184,162,274
202,171,228,184,163,276
202,170,229,184,164,277
201,170,230,185,165,278
199,169,230,185,166,278
198,169,232,186,167,279
196,168,233,186,168,279
194,167,234,187,170,278
192,166,236,188,171,277
191,166,238,189,172,274
189,165,239,190,173,271
187,164,241,192,174,268
186,164,243,193,175,264
185,163,245,195,176,259
184,163,247,196,177,255
183,162,249,198,177,251
183,162,251,199,178,247
182,162,253,200,179,244
182,162,256,201,179,240
182,162,260,202,179,237
181,163,264,203,179,234
181,163,268,203,179,231
181,164,272,203,178,229
181,165,276,203,178,227
181,166,279,202,177,226
180,166,282,201,177,226
180,167,285,200,176,226
180,168,288,199,175,227
180,168,289,197,175,228
180,169,291,196,173,229
180,170,291,194,172,230
180,170,291,193,171,231
181,171,290,191,169,232
182,172,287,190,168,233
182,172,285,188,166,234
184,173,281,187,164,236
185,173,276,186,163,237
187,174,271,185,161,238
188,174,266,185,160,240
190,174,260,184,158,241
193,174,255,184,157,242
195,174,249,184,155,243
197,175,244,184,154,245
199,175,239,184,152,246
201,175,235,184,152,248
203,175,231,184,151,250
205,175,228,185,150,251
206,175,226,185,150,253
207,175,224,185,150,255
208,175,223,185,150,258
208,175,223,186,151,261
208,175,223,186,151,264
208,174,224,186,152,267
207,174,224,186,152,269
206,174,226,186,153,272
205,174,227,186,155,275
203,175,229,186,156,277
201,175,231,186,157,279
199,174,233,186,158,280
197,174,235,187,160,281
195,174,236,187,161,281
193,174,238,187,162,280
191,174,239,188,163,280
189,173,241,189,165,278
188,173,242,190,166,276
187,172,244,191,167,273
186,172,245,192,168,269
185,171,246,193,169,264
184,170,248,195,170,259
184,169,250,196,171,254
184,168,251,198,172,249
184,167,253,200,173,244
184,166,255,201,174,239
184,165,257,203,175,234
185,164,259,204,176,230
186,163,261,205,176,226
186,162,263,206,177,222
187,162,266,207,177,219
188,161,268,208,177,216
188,161,270,208,177,214
188,161,273,208,177,212
189,161,275,208,177,212
189,162,277,207,177,212
189,162,280,207,177,212
189,162,282,206,177,213
189,163,283,205,176,214
188,164,285,203,176,216
188,165,286,202,175,217
188,166,286,200,174,219
188,167,286,199,174,221
187,168,286,197,173,223
187,169,285,195,173,225
188,171,283,194,172,228
188,172,281,192,172,231
188,173,278,190,172,234
189,174,275,189,171,237
190,174,272,187,171,240
191,175,268,186,170,243
193,176,264,185,170,246
194,176,259,184,169,249
196,176,255,184,169,252
198,177,251,183,168,254
200,177,247,183,168,257
202,177,243,182,168,260
203,177,240,182,168,263
205,177,237,182,168,266
206,176,234,182,168,269
206,175,232,182,168,272
207,175,231,182,168,274
207,174,230,182,168,276
207,173,229,182,168,278
206,173,228,183,168,279
205,172,227,183,168,281
204,171,227,183,168,281
202,170,226,183,169,282
200,169,226,184,169,282
198,167,226,185,170,282
196,166,225,185,170,281
193,164,225,186,171,280
191,163,225,187,171,278
189,161,225,189,172,275
188,159,225,190,172,271
186,157,225,191,173,267
185,155,226,193,174,263
184,153,226,194,174,258
183,151,228,196,175,253
183,148,229,198,175,248
182,146,231,200,176,243
182,145,233,202,176,239
182,143,236,203,177,234
182,142,239,204,177,230
183,141,242,205,177,227
183,140,245,206,178,223
184,140,249,207,178,220
184,140,252,207,178,218
184,140,256,207,177,217
185,141,259,206,177,216
185,143,262,205,177,217
185,144,264,204,176,217
185,147,267,203,176,219
185,149,268,202,175,220
185,152,269,200,175,223
186,155,269,198,174,225
186,157,269,196,174,228
186,160,268,195,173,230
187,162,267,193,172,232
188,165,266,191,170,234
188,167,264,190,169,236
189,170,262,188,167,238
191,172,258,187,166,240
192,174,255,186,164,242
194,175,251,185,163,244
196,177,247,185,161,245
198,178,243,184,160,246
199,179,239,184,158,247
201,180,236,184,156,248
203,180,233,184,154,248
204,181,230,184,152,248
206,181,228,184,150,249
207,181,225,185,149,250
207,181,223,185,147,252
208,181,221,185,146,254
208,180,220,186,146,256
208,180,219,186,145,259
207,179,218,186,145,261
206,178,218,187,145,263
204,178,219,187,145,265
203,177,219,187,146,267
201,176,220,187,147,269
199,174,220,188,149,271
197,173,221,188,150,272
195,171,221,188,152,274
193,170,221,189,154,274
191,168,222,190,156,274
189,166,222,191,159,273
188,164,222,192,161,271
186,162,222,193,163,269
185,160,223,194,165,265
184,158,222,195,168,260
183,156,223,196,170,256
183,154,223,198,171,251
183,152,224,199,173,247
183,150,224,201,175,242
183,148,226,202,176,239
183,147,227,204,177,235
184,145,229,205,178,231
185,144,231,206,178,228
185,143,233,206,179,225
186,142,236,207,179,222
186,142,238,207,179,220
187,141,241,207,179,219
188,141,244,206,179,218
188,141,248,206,179,219
189,142,251,205,179,220
189,143,255,204,178,221
189,144,258,202,178,223
189,145,260,201,178,225
189,146,262,199,178,226
189,148,263,197,177,227
189,150,264,195,177,229
190,152,263,193,176,230
190,154,263,192,175,231
190,157,263,190,174,232
191,159,262,189,173,233
191,161,260,187,172,234
192,164,258,186,171,234
193,166,254,185,169,235
194,169,251,184,168,234
196,170,246,183,166,234
197,172,242,182,163,233
199,173,238,182,161,231
201,174,234,182,158,230
202,175,230,182,156,229
204,176,227,182,154,228
205,176,224,182,152,228
206,176,222,183,150,229
207,176,220,183,149,230
208,176,219,183,148,231
208,176,218,183,147,233
208,175,218,184,147,235
207,174,219,184,147,238
207,174,220,184,147,240
206,173,221,184,148,243
204,172,223,185,149,247
202,172,224,185,151,250
200,171,226,185,153,254
198,170,228,185,156,257
196,169,230,186,158,260
194,168,231,186,161,263
192,167,233,187,163,264
190,165,233,188,165,264
188,164,234,189,168,264
187,162,234,190,170,263
186,161,233,191,172,260
185,159,232,193,173,257
184,157,231,194,175,254
184,155,230,196,176,250
183,153,230,198,178,247
183,151,229,199,178,243
183,150,229,201,179,240
184,149,229,203,179,236
184,147,229,204,179,233
184,146,230,205,179,230
185,146,231,206,179,228
185,146,233,206,179,226
186,145,235,207,178,224
186,146,238,207,178,223
187,146,241,206,177,223
187,148,245,206,176,224
187,149,249,205,175,226
187,150,253,204,175,227
188,152,255,203,174,229
188,154,258,201,173,231
188,155,260,199,172,232
189,157,261,198,171,233
190,159,262,196,170,234
190,161,262,194,169,235
191,163,261,193,167,236
192,165,260,191,166,237
193,166,258,190,164,237
194,168,255,188,163,238
195,170,251,187,161,238
197,171,246,186,159,238
199,172,241,185,158,238
200,173,237,185,156,237
202,174,232,184,155,236
203,175,229,184,153,235
205,175,225,184,151,235
206,176,222,184,150,234
207,176,220,184,148,235
208,177,218,185,147,236
208,177,217,185,146,237
208,177,216,185,146,238
208,177,216,185,146,240
207,176,217,186,146,241
206,176,217,186,147,243
205,175,219,187,147,244
204,174,221,187,149,245
202,174,223,188,150,247
200,173,226,189,152,249
198,173,229,190,154,250
196,172,231,191,156,251
194,171,234,191,159,251
192,170,237,192,161,251
190,169,240,194,163,250
189,168,243,195,165,249
188,167,246,196,167,247
187,166,249,197,169,245
186,166,252,199,171,242
185,165,255,200,172,240
185,165,258,201,174,238
185,164,261,202,175,236
185,164,265,202,175,234
185,164,268,203,176,233
185,163,270,203,176,231
185,163,273,203,176,230
185,163,275,202,176,230
185,163,277,202,176,230
185,164,279,201,175,231
186,164,280,200,175,232
186,164,280,199,175,233
186,165,280,197,174,234
187,166,279,196,173,235
188,166,278,194,172,236
188,167,276,193,171,237
189,167,273,191,170,239
190,168,269,190,169,241
192,169,265,189,169,242
193,170,261,188,168,244
194,170,256,187,167,246
196,171,251,186,166,248
198,172,246,186,165,249
200,172,240,185,164,250
202,173,236,185,163,252
204,173,231,185,162,254
206,173,227,185,162,257
207,174,224,185,162,260
208,174,221,185,162,263
209,174,219,185,162,267
210,174,217,185,162,270
210,174,216,185,162,274
210,174,216,185,163,277
209,174,216,184,163,280
209,174,217,184,163,284
208,174,218,184,164,286
206,174,220,184,164,289
204,175,223,184,165,292
202,175,226,184,166,293
200,175,228,184,167,295
198,175,231,184,168,295
196,176,233,184,169,295
194,176,236,185,169,293
192,176,239,185,170,291
190,176,242,186,171,289
189,177,245,188,171,285
187,177,248,189,172,280
186,177,252,190,173,275
185,177,255,192,174,269
184,178,258,194,174,263
184,178,261,196,175,257
183,178,264,198,176,251
183,178,267,199,176,245
183,177,271,201,177,240
183,177,274,202,177,235
184,178,277,204,177,230
184,178,280,204,177,226
184,178,283,205,176,223
184,178,285,205,176,220
185,178,287,205,175,218
185,178,288,205,175,218
185,178,288,204,174,218
185,178,288,203,173,219
186,178,287,202,172,221
186,177,286,201,171,223
186,177,284,199,170,225
187,177,281,198,169,227
188,178,277,196,167,229
188,178,273,195,166,230
189,178,269,193,165,232
190,177,264,192,163,234
192,177,259,191,162,235
193,177,254,190,160,237
194,177,249,189,159,237
196,177,244,188,158,238
198,177,239,187,156,237
199,176,235,187,154,236
200,176,230,187,152,235
202,176,227,187,151,234
203,176,224,187,150,234
203,176,222,187,149,233
204,175,220,187,148,233
204,174,219,188,147,234
204,174,218,188,146,234
204,173,218,188,146,235
203,173,219,189,146,236
202,172,219,189,147,237
201,171,220,189,147,239
199,171,221,189,148,240
198,170,222,190,149,242
196,169,223,190,151,244
194,168,224,190,153,245
192,167,225,191,155,247
191,165,226,191,157,248
189,164,227,192,159,249
188,163,228,193,161,249
187,161,229,194,163,248
186,160,230,195,165,247
185,159,232,196,167,246
184,158,233,197,168,244
184,156,234,198,170,242
184,155,236,199,171,239
184,155,238,201,172,237
184,154,240,202,173,235
185,154,242,202,174,234
185,153,243,203,174,232
186,154,245,203,175,231
187,154,247,203,175,231
189,155,248,203,175,231
190,156,249,202,175,232
191,158,250,201,175,234
193,159,250,200,175,235
194,160,250,199,175,238
195,161,249,198,174,241
197,163,248,196,174,244
198,164,246,194,174,248
199,166,243,193,173,253
200,167,240,191,173,258
201,168,237,189,173,263
202,169,235,188,172,267
202,170,233,186,172,272
202,171,231,185,171,276
201,171,230,184,171,280
201,172,229,183,171,284
200,172,228,183,171,287
199,173,227,182,171,290
197,173,227,182,171,292
196,173,228,181,171,293
194,173,228,181,171,294
192,173,229,182,172,294
191,173,231,182,172,293
189,172,233,182,173,291
187,172,235,183,173,289
186,171,237,184,174,285
185,170,238,185,175,281
184,169,240,187,175,276
183,168,241,188,176,270
182,167,242,190,176,264
182,166,243,191,177,259
182,165,244,193,177,253
182,164,245,195,177,247
182,163,246,197,178,242
182,162,247,199,178,238
183,161,248,201,178,233
183,160,250,203,178,229
183,160,251,204,178,226
184,160,254,205,177,223
184,160,256,206,177,221
184,160,259,207,177,219
184,161,262,207,176,219
184,161,265,206,175,219
184,162,268,206,175,220
184,163,271,205,174,222
183,164,273,204,174,223
183,164,276,202,173,225
183,165,277,201,172,226
183,166,279,199,172,226
183,168,280,197,171,227
184,169,280,195,170,227
184,169,279,193,169,228
185,170,278,191,167,228
186,171,276,190,166,228
187,172,273,188,165,228
189,173,270,186,163,228
190,173,266,185,161,227
192,174,262,184,160,226
194,174,257,183,158,225
196,175,253,183,156,223
198,175,248,182,154,222
200,176,243,182,152,221
202,176,239,182,150,221
204,176,235,182,149,221
205,177,232,182,148,222
206,177,229,182,147,223
207,177,227,182,147,225
207,177,226,183,146,228
207,177,225,183,147,230
206,176,225,183,147,233
205,176,225,184,148,236
204,176,226,184,149,239
202,176,227,184,150,242
200,176,229,185,152,245
198,176,230,186,154,249
196,176,232,186,157,252
193,175,234,187,159,254
191,175,237,188,162,256
189,174,239,189,164,256
188,173,241,190,166,256
186,172,243,191,168,255
185,172,244,192,170,253
184,171,246,194,172,250
183,170,248,195,173,247
182,168,249,197,175,243
182,167,251,199,176,240
182,166,252,201,176,237
182,164,253,202,177,234
183,163,255,203,177,230
183,162,256,204,177,227
184,161,259,205,177,224
184,160,261,206,177,221
185,160,264,206,177,219
185,160,266,207,177,217
185,160,269,206,176,217
185,160,271,206,176,218
186,160,273,205,176,219
186,161,275,204,176,220
186,161,277,203,176,222
186,162,278,201,175,223
186,163,279,200,175,225
186,165,279,198,174,226
186,166,279,196,174,227
187,167,279,194,173,228
187,169,277,193,172,229
188,170,275,191,171,230
189,171,271,189,170,231
190,173,268,188,168,231
191,174,263,187,167,231
193,175,259,186,165,231
195,176,254,185,163,230
197,177,249,184,160,229
199,177,244,184,158,228
201,178,240,184,155,227
202,179,236,183,153,227
204,179,232,183,151,227
205,180,228,183,150,228
206,180,225,183,149,229
207,180,222,184,148,231
207,180,220,184,147,233
207,180,219,184,147,236
207,180,218,184,147,238
206,179,218,184,148,242
205,179,219,184,149,245
204,179,220,185,150,248
202,178,221,185,151,251
200,178,222,185,153,254
198,177,224,185,156,258
196,176,225,186,158,261
194,175,226,186,160,263
191,174,227,187,162,264
189,172,229,188,164,264
188,171,231,189,166,263
186,170,232,191,167,262
185,168,234,192,169,259
184,167,235,194,170,257
183,165,237,195,171,254
182,163,238,197,172,250
182,162,239,199,173,247
182,160,240,201,174,244
182,159,242,202,174,240
182,158,243,204,174,236
183,156,245,205,175,233
183,155,246,206,175,230
184,155,248,207,175,227
184,154,251,208,175,225
185,154,253,208,175,224
186,154,255,208,175,223
186,154,257,207,175,223
186,155,258,206,175,223
187,155,260,205,174,223
187,156,261,204,174,224
188,157,262,202,174,224
188,158,262,200,173,224
188,159,262,198,173,225
189,160,261,196,172,226
189,162,260,195,171,227
190,164,258,193,170,228
190,166,256,191,169,230
191,167,254,190,168,231
192,169,251,188,166,232
193,171,247,187,165,233
195,172,243,186,164,233
196,173,239,185,162,233
198,174,235,184,160,233
200,175,232,184,158,233
202,176,229,183,156,233
203,177,226,183,154,234
205,177,224,183,153,234
206,178,222,183,152,235
207,178,221,184,151,236
208,178,220,184,150,238
208,178,220,184,149,240
208,177,220,184,149,241
208,177,221,184,148,243
207,177,222,184,148,245
207,176,224,185,149,248
205,176,226,185,149,250
204,176,228,185,150,253
202,175,230,185,152,255
200,175,232,185,154,258
198,174,234,186,156,260
196,173,235,186,158,262
194,173,236,187,160,264
192,171,237,187,162,264
191,170,237,188,164,264
189,169,237,189,166,263
188,167,237,190,168,261
186,166,237,192,169,258
186,164,237,193,171,255
185,163,237,195,172,251
184,161,237,196,174,248
184,160,238,198,175,244
184,159,239,200,176,241
184,157,240,201,176,237
184,156,241,203,177,234
185,155,242,204,177,232
185,155,244,205,177,229
186,154,246,206,177,227
186,154,248,206,177,225
186,154,251,206,177,223
187,155,255,206,176,222
187,156,258,206,176,222
187,157,261,205,176,223
187,158,263,204,175,224
187,159,265,203,175,226
188,160,267,201,174,227
188,161,267,200,174,228
188,161,267,198,173,229
188,162,266,196,172,230
189,164,265,195,171,231
189,165,264,193,170,232
190,166,263,192,169,233
190,168,261,190,168,234
191,169,258,189,167,235
192,170,255,188,166,237
193,171,251,187,165,238
195,171,246,186,164,240
197,172,242,186,163,241
198,172,238,185,162,242
200,173,234,185,161,243
201,173,230,185,160,245
203,174,227,185,160,247
204,174,224,185,159,250
205,175,222,185,159,252
206,175,220,185,159,255
207,175,218,185,159,258
208,174,217,185,159,262
208,174,216,185,159,265
208,173,215,185,159,268
207,173,215,185,160,271
206,173,215,185,160,274
205,172,216,185,161,277
203,172,218,185,162,280
202,172,219,185,163,282
200,171,220,185,164,284
198,171,221,185,165,285
196,170,223,185,166,286
194,169,224,186,167,285
192,168,225,186,168,285
190,167,226,187,169,284
188,166,228,187,170,281
187,165,229,188,171,279
186,164,230,189,172,276
185,163,231,191,173,272
184,161,232,192,174,268
183,160,232,193,175,263
183,159,233,195,175,259
183,158,233,197,176,255
183,157,234,199,177,251
183,156,235,200,177,247
184,155,236,202,178,244
184,154,238,203,178,241
185,154,240,204,178,238
185,153,241,205,178,236
186,153,243,206,178,234
187,153,245,207,177,232
187,152,247,207,177,231
188,152,248,207,176,231
188,152,250,206,176,231
188,152,252,206,175,232
189,153,254,205,175,232
189,153,255,204,174,233
189,153,256,202,174,234
189,154,256,201,173,235
189,154,256,199,173,236
190,154,254,198,172,237
190,155,252,196,171,238
190,155,250,195,171,240
191,156,248,193,170,241
191,157,245,192,170,243
192,159,242,191,170,245
193,160,239,189,170,247
194,162,236,188,169,249
195,163,233,187,169,251
196,164,229,187,168,252
198,165,225,186,168,254
199,166,222,185,168,256
201,167,219,185,167,258
202,168,217,184,167,260
203,169,215,184,166,263
204,170,214,184,166,266
205,170,213,184,166,269
205,171,213,184,166,271
206,171,213,184,165,274
206,171,213,184,165,276
205,171,214,184,165,278
205,170,216,184,165,280
204,170,217,184,165,282
203,170,219,185,165,284
201,169,220,185,165,285
200,168,222,185,165,287
198,168,224,186,165,288
196,167,225,187,166,288
194,166,227,187,166,287
193,164,228,188,167,285
191,163,229,189,167,283
189,161,230,190,168,280
188,159,230,191,169,277
187,157,230,193,170,273
186,156,231,194,171,269
185,154,231,195,172,265
185,152,231,197,173,261
184,150,232,198,174,257
184,148,232,200,175,252
184,147,232,201,176,248
184,145,233,203,176,244
184,143,232,204,177,240
185,141,232,205,177,236
185,140,232,206,178,233
186,139,233,206,178,230
186,138,234,207,178,228
186,138,235,207,178,227
187,138,237,207,178,226
187,138,238,206,178,225
188,138,239,206,178,225
188,139,239,205,177,225
188,140,240,203,177,226
189,142,240,202,177,226
189,143,240,200,176,227
190,145,239,198,176,228
191,148,240,196,176,230
191,151,240,194,175,232
192,154,240,193,175,234
193,157,239,191,174,237
194,160,238,189,174,240
195,163,237,187,174,243
196,165,235,186,173,246
197,168,232,185,173,249
199,170,229,183,172,252
200,172,227,182,172,255
201,174,225,182,172,258
202,176,223,181,171,261
203,177,221,180,171,264
204,178,220,180,171,267
205,179,219,180,170,270
205,180,218,180,170,273
205,180,217,180,170,276
205,180,216,180,170,279
205,180,217,181,169,281
204,179,218,181,169,283
203,179,220,181,169,284
202,178,222,182,169,285
201,177,224,182,169,286
199,177,227,183,169,286
197,176,229,184,170,286
196,174,231,185,170,285
194,173,234,186,170,284
192,171,236,187,171,282
190,170,237,188,171,280
189,168,239,189,172,277
187,166,240,190,172,273
186,164,242,192,173,270
185,162,243,194,173,265
184,160,244,195,174,261
183,158,243,197,175,257
183,156,242,199,175,253
183,154,241,201,176,249
182,153,241,203,176,245
183,151,240,204,177,241
183,150,240,206,177,238
183,149,239,207,177,235
183,149,240,208,177,233
184,149,241,209,177,231
184,149,242,209,176,229
184,150,244,209,176,228
185,150,245,209,175,226
185,151,246,208,174,226
186,152,247,208,173,225
186,153,248,207,172,224
187,155,250,205,170,224
187,156,251,204,169,223
188,158,252,202,167,223
189,160,252,200,166,223
189,161,252,198,164,222
190,163,253,196,162,221
191,166,252,194,161,221
193,167,251,192,159,220
194,169,250,190,157,220
196,170,247,189,156,219
197,172,244,188,154,219
199,173,241,186,153,219
201,174,238,185,152,219
202,175,236,184,150,219
204,176,233,184,149,220
205,177,231,183,148,222
206,178,229,183,147,224
207,178,227,182,147,226
207,178,225,182,146,228
207,178,224,182,146,231
207,178,224,182,146,234
206,178,223,183,147,236
206,178,223,183,147,239
204,177,224,184,148,243
203,177,225,184,150,246
201,177,226,185,151,248
199,176,228,186,153,250
197,176,231,187,154,252
195,175,233,189,157,252
193,174,236,190,159,253
191,174,239,192,161,253
189,173,242,193,163,252
187,172,245,195,165,251
186,172,248,197,167,249
185,171,250,199,168,248
184,170,253,201,170,246
183,169,255,203,171,243
182,168,258,204,173,241
182,167,260,206,174,238
182,165,262,207,174,236
182,164,263,208,174,234
182,163,265,208,175,232
182,163,266,208,175,231
183,162,267,208,174,230
183,162,268,208,174,230
184,162,268,207,173,229
184,161,268,205,173,229
185,161,267,204,172,229
186,161,265,202,171,229
186,162,263,200,171,230
187,162,261,198,170,231
188,163,258,196,169,232
189,164,255,194,168,233
190,165,252,192,167,235
191,167,248,190,166,237
192,168,244,188,166,239
194,169,240,187,165,241
195,170,235,186,164,243
197,171,230,185,164,246
198,172,226,184,163,248
200,173,222,184,163,251
201,174,219,183,163,255
202,175,216,183,162,258
203,176,214,183,162,262
204,177,212,183,162,265
204,177,211,184,162,269
204,177,211,184,162,273
204,177,212,184,163,276
204,177,213,185,163,279
203,177,214,185,163,281
202,177,216,185,163,283
201,176,219,186,164,284
200,176,222,186,165,285
198,175,224,187,165,285
196,174,227,188,166,285
195,173,229,188,167,284
193,172,231,189,168,282
191,170,233,190,169,279
190,169,235,191,170,276
189,168,237,192,171,272
188,166,239,193,172,267
187,165,240,194,173,262
186,164,242,195,174,257
186,163,243,197,175,253
185,161,245,198,176,248
185,160,245,199,177,243
186,158,246,201,177,240
186,157,247,202,178,236
186,156,248,202,179,233
187,155,250,203,179,230
187,154,251,203,179,228
188,154,253,204,179,226
188,153,254,204,179,225
189,153,255,203,179,225
189,153,256,203,178,226
190,152,257,202,178,227
190,152,258,201,178,228
190,152,258,200,177,229
190,152,257,198,177,231
190,152,257,197,176,232
190,153,257,195,175,233
190,154,257,193,174,234
190,155,256,192,173,235
191,156,255,190,172,236
191,157,254,189,171,237
191,158,252,188,169,238
192,160,250,187,168,239
192,161,248,186,167,239
193,162,246,186,165,239
194,164,243,185,163,239
195,165,240,185,161,238
197,166,237,185,160,238
198,168,234,185,158,237
200,169,231,185,156,237
201,170,228,185,154,237
203,170,226,185,153,238
204,171,224,185,152,240
205,171,222,185,151,241
206,172,220,185,151,243
207,172,219,185,151,246
207,172,218,186,151,248
207,172,218,186,151,251
207,172,218,186,151,255
206,172,219,186,151,258
206,172,220,185,152,262
204,172,221,185,153,266
203,172,223,185,154,270
201,171,224,185,156,273
199,171,226,185,158,276
198,171,227,185,159,278
196,170,229,186,160,279
194,169,230,186,161,279
192,168,231,187,163,278
191,167,232,188,164,276
189,166,234,189,165,274
188,165,235,190,166,271
187,164,236,192,167,267
186,163,237,193,169,262
186,162,238,195,170,257
185,160,239,196,171,252
185,159,240,198,171,247
185,158,241,200,172,242
185,158,243,202,172,238
185,157,245,203,173,234
185,157,247,204,173,231
185,156,250,206,173,228
185,157,253,206,174,226
186,157,256,207,174,223
186,157,258,207,174,222
186,158,261,207,174,221
187,158,263,207,173,220
187,158,265,207,173,221
187,159,266,206,173,222
187,159,268,205,173,224
187,160,269,203,173,225
187,161,270,202,172,226
187,162,270,200,172,228
187,162,270,198,172,229
188,163,269,196,172,231
188,164,267,194,172,232
188,165,265,192,172,234
189,166,262,191,171,235
189,167,259,189,171,236
190,168,256,188,170,237
191,169,252,186,169,238
192,170,249,185,168,239
193,172,246,184,167,238
195,173,242,183,166,238
197,174,238,182,164,237
199,175,235,182,163,236
201,176,232,182,161,235
202,177,228,182,158,234
204,177,226,182,156,233
206,178,223,182,154,231
207,178,221,183,152,230
208,178,219,183,150,229
209,178,218,184,149,229
210,178,218,184,147,229
210,178,218,184,146,229
210,177,218,185,145,231
210,177,219,185,145,232
209,176,220,186,145,234
208,176,221,186,145,237
206,175,223,186,146,240
204,175,225,187,147,242
202,174,226,187,148,245
200,174,228,187,150,248
198,173,230,188,152,252
196,172,231,188,154,255
194,171,233,189,156,257
192,170,235,189,158,258
190,169,236,190,159,259
188,169,238,191,161,259
187,168,239,192,163,259
185,167,241,193,165,258
184,166,242,194,167,257
184,165,244,195,168,255
183,164,245,195,169,253
183,163,246,196,170,251
183,162,247,197,171,250
183,161,248,198,172,248
184,161,249,199,173,247
185,160,250,199,174,246
186,160,251,199,174,246
187,160,251,199,174,246
188,161,252,198,175,247
189,161,252,197,175,249
190,161,251,197,175,251
191,162,250,196,175,253
192,162,248,195,175,255
193,162,247,193,175,257
194,163,245,192,175,259
195,164,243,191,175,262
195,165,242,191,174,264
195,166,241,190,174,266
195,167,241,189,174,267
195,168,241,189,174,267
194,169,241,189,174,268
193,169,241,189,173,267
192,169,242,190,173,266
192,170,244,191,173,264
191,170,246,192,173,262
190,170,248,193,173,259
189,170,251,194,174,256
188,170,254,195,174,253
187,170,258,196,174,250
187,169,261,197,174,248
186,169,264,197,174,245
186,169,267,198,173,243
185,168,270,198,173,241
185,168,271,198,173,240
185,167,272,197,173,238
186,167,273,197,172,237
186,167,273,196,172,237
187,167,271,195,172,237
188,167,269,194,171,237
189,168,267,192,170,238
190,168,264,191,170,240
191,169,261,190,169,242
193,169,257,188,168,244
194,169,253,187,167,247
195,170,249,186,167,250
197,170,245,185,166,252
198,171,241,185,166,255
199,171,237,184,165,258
200,172,234,184,165,261
201,172,232,183,164,264
201,172,230,183,164,267
201,172,228,183,164,270
201,172,228,183,164,272
201,172,229,184,164,273
200,172,230,185,164,274
199,172,231,185,164,275
198,172,234,186,165,274
196,171,236,188,165,273
195,171,239,189,166,272
193,171,243,190,166,270
192,171,246,191,166,268
191,170,250,193,167,266
189,170,254,194,168,262
188,169,258,196,168,259
187,169,262,197,169,255
186,168,266,199,169,250
186,168,269,200,170,247
185,168,272,200,170,243
185,168,275,201,170,241
185,167,276,201,170,239
185,167,277,201,171,238
185,167,278,200,171,238
186,167,278,200,171,237
186,168,277,199,171,237
187,168,275,197,170,237
188,168,274,196,170,236
189,169,271,194,169,236
190,169,269,193,169,237
191,170,265,191,168,237
192,170,261,190,167,238
193,171,256,188,166,239
195,171,251,187,165,241
196,172,246,186,163,242
198,173,241,185,162,244
199,174,237,184,161,245
200,174,233,183,160,246
200,175,230,183,159,247
201,176,227,183,158,248
201,176,226,183,158,249
201,177,225,184,157,250
200,177,224,184,157,251
200,177,225,185,158,252
199,177,225,186,158,254
198,178,227,187,159,255
197,177,229,188,160,256
195,177,232,190,161,257
194,177,236,191,162,257
192,177,240,192,163,256
191,176,244,194,165,255
190,175,248,196,166,253
189,175,252,197,167,251
188,174,256,198,169,249
187,173,260,200,170,247
186,172,263,201,171,246
186,171,266,201,172,245
186,171,268,202,172,243
186,170,270,202,173,242
186,170,272,202,173,241
186,169,273,201,172,239
187,169,273,201,172,238
188,169,272,200,171,237
189,169,271,198,171,236
190,170,269,197,170,235
191,170,266,195,169,234
192,170,262,194,168,234
194,171,258,192,166,233
195,171,253,191,165,233
197,172,248,189,163,232
199,172,243,188,161,231
200,173,239,187,159,230
202,173,234,186,157,230
204,174,230,185,155,229
205,174,226,185,154,230
206,175,223,184,153,231
207,175,220,184,151,232
207,175,218,184,150,234
208,174,216,183,150,237
207,174,215,183,149,240
207,174,215,183,149,243
206,173,215,184,149,247
205,173,216,184,150,251
204,173,218,184,151,255
202,173,220,184,152,260
200,173,222,184,154,264
198,173,225,184,155,268
196,172,227,184,157,271
194,172,229,184,159,273
192,172,232,185,160,274
190,171,235,185,162,275
188,171,237,186,163,274
187,170,240,187,165,274
185,170,243,188,166,272
184,170,246,189,168,270
183,170,249,190,169,267
183,170,251,192,170,264
183,169,254,193,171,260
182,169,256,195,172,256
182,168,259,196,172,253
183,168,261,198,172,249
183,167,263,199,172,245
184,166,265,200,172,242
184,166,267,201,172,240
185,166,269,202,172,239
185,165,271,202,172,237
185,165,273,203,172,236
186,165,273,202,172,235
187,166,274,202,171,235
187,166,273,201,170,234
188,166,272,200,170,233
189,166,271,199,168,233
190,166,269,197,167,232
191,167,267,196,166,231
192,167,265,194,164,231
194,168,262,193,163,231
195,169,260,191,161,231
196,170,257,190,159,231
197,171,253,189,158,231
198,171,250,188,156,230
199,172,246,187,154,230
200,172,242,186,153,231
201,172,238,185,151,232
201,172,235,185,150,233
201,172,233,185,150,235
201,171,231,185,150,236
200,171,229,185,150,238
199,170,227,185,151,240
198,169,226,186,151,241
197,168,224,187,153,243
196,167,223,188,155,244
194,165,222,189,156,244
193,164,222,190,158,244
191,162,222,191,161,244
190,160,223,193,163,244
189,159,223,194,165,244
187,157,225,195,167,242
187,156,226,197,169,240
186,155,228,198,171,238
186,153,230,200,173,235
185,153,232,201,174,233
185,152,234,201,175,231
185,152,237,202,175,229
186,152,240,202,176,227
186,152,243,202,175,225
187,153,246,202,175,224
188,153,248,202,174,224
188,154,250,201,173,224
189,156,252,200,172,223
190,157,253,199,171,223
191,159,253,198,169,222
192,160,253,196,168,223
193,162,253,195,166,224
194,164,253,193,164,224
195,166,251,192,162,225
196,168,249,191,160,226
198,170,247,189,158,226
199,172,244,188,156,226
200,173,241,188,154,227
201,174,238,187,152,227
202,176,235,186,151,228
203,177,233,186,149,228
204,178,231,185,148,229
204,178,230,185,148,231
204,178,229,185,147,232
204,178,228,185,147,234
204,178,227,185,147,235
203,177,227,186,147,237
202,176,226,186,148,237
201,175,226,187,149,238
199,174,226,187,151,239
198,172,226,188,153,240
196,170,226,189,155,241
195,168,226,190,157,241
193,166,225,191,160,241
191,163,225,192,162,240
190,160,224,194,164,239
189,157,223,195,166,238
188,155,223,196,168,236
187,152,223,198,170,233
186,150,223,199,171,231
186,148,223,200,172,229
185,146,223,201,173,227
185,145,224,202,174,226
185,144,224,202,174,224
186,143,225,202,174,223
186,143,227,202,174,222
187,143,228,202,173,222
187,144,230,201,172,222
188,146,231,200,171,223
189,147,233,199,170,223
190,149,235,198,169,224
192,152,236,196,168,226
193,154,237,195,167,228
194,157,237,193,166,231
195,159,236,192,165,234
197,162,236,190,164,237
198,164,234,189,163,241
200,165,233,188,163,244
201,167,232,187,162,247
202,169,230,186,162,251
203,170,229,185,162,255
203,171,228,184,163,259
204,172,227,184,163,262
203,172,226,184,164,265
203,172,226,184,164,268
202,172,225,184,165,270
201,171,225,185,166,271
200,171,225,185,167,272
199,170,226,186,168,272
197,169,227,187,169,272
195,167,227,188,170,271
193,166,229,189,171,269
192,165,230,190,172,267
190,164,232,191,173,265
189,163,234,193,174,262
188,162,235,194,175,258
187,160,237,195,176,254
186,159,238,197,176,250
186,158,239,198,177,246
185,157,240,199,177,243
185,156,242,199,178,240
185,156,243,200,178,237
186,155,244,200,178,235
186,155,245,200,178,233
187,156,246,199,177,232
188,157,247,198,177,231
189,157,247,197,177,231
190,158,247,196,176,231
191,159,246,195,175,231
192,160,244,194,174,232
193,161,242,193,173,233
194,162,239,191,172,235
195,163,237,190,171,237
197,165,235,188,171,240
198,166,232,187,170,243
200,167,230,186,169,246
201,168,227,185,168,248
203,168,224,184,167,251
204,169,222,184,167,254
205,169,219,183,166,258
206,170,217,183,166,261
206,170,216,183,166,264
207,170,216,183,166,268
207,170,216,182,166,271
206,170,217,182,166,274
206,170,219,182,167,277
205,170,220,182,167,279
204,170,222,182,168,281
202,169,224,182,169,282
200,169,226,183,170,283
199,169,228,183,171,283
197,169,230,184,172,282
195,168,233,184,173,281
193,167,235,185,174,278
191,166,238,186,175,275
189,165,240,187,176,272
188,164,242,188,177,268
187,163,244,190,177,263
186,161,246,192,177,259
186,160,247,193,178,254
185,158,248,195,178,249
185,156,248,197,178,244
185,154,249,198,178,240
185,152,250,199,178,235
185,151,251,200,178,232
186,149,252,201,177,228
186,148,253,202,177,226
187,147,253,202,176,224
187,146,253,202,175,224
188,146,252,202,175,224
189,147,252,201,174,224
190,148,251,200,174,225
190,149,250,199,173,226
191,150,248,197,173,228
192,152,247,196,172,230
194,154,246,194,172,232
195,156,244,193,171,235
196,158,243,191,171,238
198,161,241,189,170,241
199,163,239,188,170,245
201,165,236,186,170,248
202,167,233,185,169,251
204,169,231,184,169,254
205,170,229,183,168,256
206,172,227,182,167,258
206,172,226,182,167,260
207,173,225,181,166,262
207,173,225,181,166,263
207,173,224,181,165,264
206,173,225,182,165,265
205,173,225,182,165,265
204,173,226,183,165,264
202,173,226,184,165,263
201,172,228,185,165,261
199,171,229,186,165,258
197,171,232,187,166,255
195,170,235,189,166,252
193,169,238,190,167,249
191,168,241,192,168,247
189,167,244,194,169,244
188,167,247,195,170,241
186,166,250,197,171,238
185,166,253,199,172,235
184,165,256,200,173,232
184,164,259,202,174,230
184,164,262,203,175,228
183,163,265,204,176,227
183,163,268,204,176,226
184,163,270,204,177,226
184,163,272,204,177,226
184,163,273,204,177,227
185,164,274,203,177,228
185,164,275,202,177,229
186,165,274,201,177,231
187,165,273,199,176,232
188,166,272,197,176,234
189,167,271,196,175,236
190,168,269,194,175,239
192,169,266,192,174,242
193,170,263,190,173,245
195,171,259,188,173,248
196,172,255,187,172,251
198,172,251,185,171,254
199,173,247,184,171,257
201,173,244,183,170,259
202,173,241,183,170,262
203,173,238,182,169,264
204,173,235,182,169,265
204,172,232,182,168,267
204,171,230,182,168,268
204,170,229,183,168,268
203,169,227,183,167,268
203,168,226,184,167,267
202,166,225,186,167,266
200,165,226,187,168,263
199,164,226,188,168,261
197,162,227,190,168,258
195,161,228,191,169,255
193,160,230,193,169,251
192,158,231,195,170,247
190,157,233,197,170,243
189,156,235,198,171,239
188,156,238,200,172,236
187,155,241,201,173,233
186,155,244,202,173,230
186,156,247,203,174,228
185,156,251,203,174,226
185,157,255,203,175,224
185,158,258,203,175,224
185,159,260,202,174,224
185,160,262,202,174,224
186,161,263,201,173,224
186,163,264,199,173,225
187,164,265,198,172,225
188,166,264,196,171,227
189,168,263,195,169,228
190,169,261,193,168,229
191,171,259,191,166,230
192,172,256,190,164,231
194,173,252,189,162,232
195,174,249,188,160,232
197,175,245,187,158,233
198,176,241,187,156,234
199,177,237,186,154,235
200,177,234,186,153,236
201,178,231,186,152,237
201,178,230,185,151,239
202,178,228,185,151,241
201,179,228,185,150,243
201,179,228,186,150,245
200,179,228,186,151,247
199,178,229,186,152,249
198,178,231,187,153,251
196,177,233,187,155,253
195,177,234,187,157,255
193,176,236,188,159,258
191,176,238,188,161,259
190,174,240,189,163,260
188,173,243,190,166,259
187,172,244,190,168,258
186,170,246,192,170,256
185,168,248,193,172,254
184,165,249,194,173,251
184,163,250,196,175,248
184,161,251,197,176,245
184,158,252,199,177,242
184,156,253,200,178,239
185,154,253,201,179,236
185,151,254,202,179,233
186,149,255,203,180,230
187,147,256,204,179,227
188,145,256,204,179,225
188,144,257,204,179,223
189,143,257,204,178,222
189,143,257,204,177,222
190,143,257,203,177,222
190,144,256,202,176,223
191,145,255,200,174,223
191,147,253,199,173,224
192,148,251,197,172,224
193,151,250,196,170,225
193,153,248,194,168,225
194,155,246,193,166,225
195,158,244,191,164,226
196,161,241,190,162,226
197,164,239,189,160,226
199,166,237,188,158,226
200,169,234,187,155,226
202,171,231,186,153,225
203,173,229,186,151,225
205,174,227,185,149,225
206,176,225,185,147,226
207,177,224,185,146,227
207,177,223,185,145,228
207,178,222,185,144,230
207,178,222,185,143,231
207,178,222,185,143,233
206,177,222,185,144,235
205,177,222,185,144,237
204,176,222,185,145,239
202,175,222,186,147,241
200,174,222,186,148,243
198,173,223,187,150,245
196,171,224,187,153,247
194,170,226,188,155,247
192,168,227,189,158,247
191,166,229,190,160,247
189,165,230,191,162,246
188,163,232,193,164,244
186,162,235,194,166,242
186,160,237,196,167,240
185,159,240,198,169,238
185,157,243,199,170,236
185,156,246,201,171,233
185,156,250,202,172,231
185,155,254,203,173,230
185,155,258,203,174,228
185,155,262,204,174,227
186,155,265,204,174,227
186,156,268,203,173,228
187,157,270,203,173,229
188,158,271,202,173,230
189,159,272,201,172,231
190,160,273,199,171,232
191,162,272,197,171,233
191,164,271,195,170,235
192,166,269,193,169,236
194,168,266,191,167,237
195,169,262,189,166,238
196,171,258,187,164,238
198,172,254,186,162,238
199,174,250,184,160,238
201,175,245,183,158,237
202,176,241,183,156,237
204,177,237,182,154,236
205,178,234,182,152,235
206,179,231,181,151,235
206,180,228,181,150,235
207,180,226,181,149,237
207,180,225,182,148,238
207,180,224,182,148,240
206,180,224,182,148,242
205,180,224,183,148,244
204,179,225,184,149,246
203,179,227,184,150,249
201,178,228,185,152,251
199,178,230,186,154,254
197,177,231,187,156,256
195,175,232,188,158,258
194,174,233,189,161,259
192,172,234,190,163,259
190,171,236,192,166,259
189,169,237,193,168,258
188,167,239,194,170,256
186,166,241,196,172,254
186,165,242,197,173,252
185,163,243,198,175,249
185,161,244,200,176,246
185,159,245,201,177,243
184,158,246,202,178,240
185,157,247,202,178,237
185,156,248,202,178,234
185,156,250,203,178,231
185,156,252,202,178,228
186,157,253,202,177,227
186,157,254,201,176,226
186,158,255,200,175,225
187,159,255,198,174,224
188,160,254,197,173,223
189,161,253,195,171,223
190,162,252,194,169,223
191,164,251,192,168,223
192,165,250,190,165,223
193,167,248,189,164,223
194,169,246,187,162,223
196,171,244,186,160,224
198,172,241,185,158,224
200,173,238,184,156,225
201,174,235,183,154,225
203,175,232,183,152,226
205,175,229,183,151,227
206,176,227,182,150,228
207,177,225,182,148,229
208,177,224,182,148,231
209,177,223,183,147,234
209,177,222,183,147,237
209,176,222,183,147,240
208,176,222,183,148,242
208,175,223,184,148,245
206,174,223,185,149,247
205,173,224,185,151,250
203,172,225,186,152,252
202,171,227,187,154,255
200,170,229,188,157,257
198,169,231,190,159,258
196,168,233,191,161,259
194,167,236,192,163,259
192,165,238,194,166,259
191,164,241,195,168,258
190,163,243,197,170,256
188,162,246,198,172,254
188,162,249,200,173,251
187,161,252,201,175,248
186,161,255,202,176,246
186,161,258,202,177,243
186,161,261,203,178,241
186,161,263,203,178,239
186,162,265,202,178,237
186,162,266,202,178,236
187,163,267,201,177,235
188,164,267,200,177,234
189,165,267,199,177,234
190,166,266,197,176,234
191,167,265,196,175,234
192,168,263,194,174,235
194,169,261,192,173,237
195,170,258,190,172,240
197,171,254,189,171,242
199,172,250,187,170,245
200,173,246,186,169,247
202,173,242,185,168,250
203,174,239,184,167,252
204,174,236,184,166,254
205,174,234,184,166,255
206,174,233,184,165,257
206,174,232,184,165,258
206,174,231,185,165,259
206,174,231,185,165,260
205,173,232,186,166,260
204,173,233,188,166,259
203,173,235,189,167,258
201,173,238,190,168,256
199,172,241,192,169,253
198,172,244,194,171,250
196,171,247,196,172,247
194,170,250,197,173,245
192,169,252,199,174,242
191,168,255,201,176,240
189,167,257,202,176,237
188,167,260,203,177,235
187,166,262,204,178,233
186,165,263,204,178,231
185,165,265,204,179,230
184,164,266,204,179,229
184,164,267,204,179,230
184,163,267,203,179,231
184,163,267,202,179,232
185,164,267,201,179,234
185,164,266,199,179,236
186,165,265,197,178,238
187,166,265,195,177,240
188,168,263,193,176,242
190,169,261,191,175,243
191,171,258,189,174,244
193,172,255,188,172,245
195,173,252,186,171,246
197,174,248,185,169,246
199,176,245,183,167,247
201,177,241,182,165,247
203,178,238,182,163,247
204,179,234,181,162,246
206,180,231,181,160,246
207,180,229,181,158,245
207,180,226,181,156,245
208,179,224,181,154,245
208,179,221,182,153,246
208,178,220,182,152,246
207,176,219,183,152,247
206,175,219,184,152,248
205,174,219,185,152,249
203,172,219,186,153,250
201,170,219,187,154,251
199,168,220,189,155,252
197,166,221,190,157,254
195,163,222,191,159,254
193,161,223,192,161,255
192,158,225,194,162,255
190,156,227,195,164,254
189,154,229,196,166,253
188,152,232,198,168,252
187,151,234,199,170,250
186,149,237,200,172,249
186,148,240,201,173,247
186,147,244,201,173,246
186,147,247,202,173,244
186,147,250,202,173,242
187,147,253,202,173,241
187,148,256,202,172,239
188,149,259,201,172,237
189,150,261,200,171,235
190,152,262,199,169,234
191,154,263,198,168,233
191,156,263,197,167,233
192,158,263,195,165,233
193,161,261,194,163,233
194,163,259,192,162,234
195,165,257,191,160,235
196,167,254,189,159,235
197,169,251,188,158,236
198,171,247,187,157,236
198,172,244,186,156,237
198,173,241,185,155,238
198,174,239,185,155,239
198,174,236,185,155,240
197,175,234,185,155,241
196,174,233,185,155,242
195,174,232,185,156,243
194,174,231,186,156,243
193,173,232,187,157,242
192,172,233,188,158,242
190,171,234,189,160,241
189,170,236,191,161,240
188,169,238,192,162,239
187,168,241,193,164,238
186,168,243,195,166,237
185,167,246,196,168,236
184,167,249,197,169,235
183,166,252,198,170,234
183,166,255,198,172,233
183,166,258,199,172,232
183,166,261,199,173,232
183,167,264,199,174,232
183,167,266,199,175,232
183,168,267,198,175,233
184,168,268,197,176,234
185,169,269,196,176,235
186,170,269,194,176,237
186,171,268,193,176,239
188,171,267,191,176,241
189,172,266,189,176,243
190,173,263,187,176,246
192,174,260,186,175,249
193,174,257,184,175,252
195,175,253,183,174,254
197,175,249,181,174,257
198,176,244,180,173,259
200,177,240,180,173,262
201,177,235,179,172,264
203,177,232,178,172,266
204,177,228,178,171,269
205,177,225,178,171,271
205,177,222,178,170,273
205,176,220,178,169,274
205,175,218,179,169,275
205,175,217,179,168,276
204,174,216,179,168,277
203,173,216,180,168,277
201,172,216,181,167,277
200,171,216,181,167,277
198,170,216,182,167,277
196,168,217,183,167,276
194,167,217,184,167,275
192,165,218,185,167,273
190,163,219,186,167,270
188,161,219,187,168,268
186,160,220,188,168,265
185,158,220,190,169,262
184,157,221,191,169,259
183,156,221,193,170,256
182,155,221,194,171,253
181,153,221,196,171,249
181,152,222,198,172,246
181,151,223,199,172,243
181,150,224,201,173,240
181,149,225,202,174,237
182,148,226,204,174,234
182,147,228,205,175,232
183,147,229,205,175,231
184,147,231,206,175,230
185,146,232,206,175,229
185,146,234,206,175,228
186,147,237,205,175,228
186,147,240,205,175,227
187,148,243,204,174,227
187,148,246,203,174,227
187,149,248,201,174,227
188,150,250,199,173,226
188,151,252,198,173,226
188,153,252,196,172,226
188,154,253,194,171,227
188,156,253,192,170,227
189,157,253,190,169,227
189,159,253,189,168,227
190,161,252,188,166,227
190,164,252,186,165,227
191,166,250,185,164,226
192,167,248,184,162,226
193,169,245,184,161,225
195,170,242,183,159,224
196,171,238,183,157,224
198,172,235,183,155,223
200,173,232,183,153,223
202,174,229,183,152,223
203,175,226,183,151,224
205,176,224,183,149,225
206,176,223,183,148,226
207,177,221,184,148,227
207,177,220,184,147,229
207,176,219,184,147,232
207,176,219,184,147,235
207,176,219,185,147,239
206,176,220,185,148,243
205,175,221,185,149,247
204,175,223,185,150,251
202,175,225,185,151,255
200,175,227,185,153,259
198,174,229,186,154,261
196,174,232,186,156,264
194,173,234,186,158,266
192,173,237,187,160,267
190,173,240,187,162,267
188,172,242,188,164,267
187,172,245,189,165,265
186,171,247,190,167,263
185,171,249,191,169,260
184,170,251,192,170,256
183,170,252,194,171,251
183,169,254,195,172,247
183,168,256,197,173,242
183,168,259,199,174,238
183,168,261,200,174,234
183,168,264,202,175,231
184,167,266,203,175,228
185,167,268,204,176,226
185,167,270,205,176,224
186,166,271,206,176,222
186,166,272,206,176,221
187,166,273,206,175,220
187,165,274,206,175,219
188,165,275,206,175,220
188,165,277,205,174,221
188,166,278,204,174,223
188,166,278,202,174,225
188,166,278,201,174,227
189,166,278,199,173,229
189,165,276,198,173,230
189,165,274,196,173,232
189,165,272,194,172,233
189,165,269,192,171,234
190,165,267,191,171,234
190,166,265,189,170,235
191,167,262,188,169,237
191,168,259,187,169,238
192,168,256,186,169,240
193,169,252,185,168,242
194,170,247,184,168,244
196,170,243,184,167,245
197,171,238,183,167,247
199,171,234,183,166,248
201,172,230,183,166,250
203,172,227,183,165,253
204,173,224,183,165,255
206,173,222,183,164,258
207,173,220,183,164,262
208,174,218,183,164,265
209,173,217,183,164,269
209,173,216,183,164,272
209,173,216,183,164,275
209,173,216,184,164,278
208,172,217,184,164,281
207,172,219,184,164,284
206,172,220,184,164,286
205,172,223,184,164,288
203,172,225,185,164,289
201,172,228,185,164,290
198,172,230,185,164,290
196,172,233,186,165,289
194,172,236,187,165,287
192,172,239,187,165,285
190,172,242,188,166,282
189,172,245,189,166,279
187,172,248,191,167,276
186,172,251,192,167,272
185,172,254,193,168,267
184,172,257,194,169,263
184,172,260,195,170,258
183,172,263,196,171,254
183,171,266,197,172,249
183,171,269,198,173,245
183,170,273,199,174,241
183,170,275,199,175,238
183,170,278,199,176,235
183,169,280,199,176,233
184,169,281,199,176,232
184,169,282,198,176,230
185,169,282,197,176,229
185,169,281,196,176,229
186,169,280,195,176,230
187,169,278,194,175,230
188,169,276,193,174,231
189,170,273,191,174,233
190,170,269,190,173,235
191,170,265,189,172,238
193,171,260,188,171,241
194,171,255,187,170,244
196,171,249,186,170,247
197,172,244,186,169,251
198,172,240,185,168,255
199,173,236,185,168,259
200,173,232,184,168,264
201,173,229,184,167,268
201,174,227,184,167,272
201,174,226,184,167,275
201,173,225,184,168,278
200,173,224,184,168,281
199,173,224,184,168,283
198,173,225,184,169,284
197,172,226,185,169,285
195,172,227,185,170,285
194,171,229,186,170,285
192,170,232,187,171,283
191,170,235,188,171,281
190,169,238,188,172,278
188,168,241,189,172,275
187,167,245,190,173,271
186,167,248,191,173,267
185,166,251,192,173,264
184,165,254,192,173,260
184,165,256,193,173,257
184,164,259,194,173,254
184,164,262,194,172,252
184,164,264,194,172,250
184,165,265,194,172,249
185,165,266,193,171,248
186,165,267,193,171,247
187,165,267,192,171,247
187,166,266,191,170,248
188,167,265,190,170,250
189,167,263,190,169,252
190,168,261,189,169,255
191,169,258,188,168,259
193,169,255,187,168,262
194,170,252,187,168,265
195,171,250,186,167,268
195,171,247,186,167,271
195,172,245,185,167,274
196,172,243,185,167,276
195,172,241,186,167,278
195,173,240,186,167,279
194,173,239,187,167,280
193,173,239,188,168,280
192,173,239,189,168,279
191,172,239,190,169,277
190,172,241,191,169,274
189,172,243,192,170,270
188,172,245,194,170,266
187,171,247,196,171,260
186,171,250,197,172,255
185,171,253,199,172,250
184,170,255,201,173,245
184,170,258,202,173,240
183,170,261,204,174,235
183,170,265,205,174,231
183,170,268,206,174,227
184,170,271,206,175,224
184,170,274,206,175,221
184,171,276,206,175,219
185,171,278,206,174,218
186,171,279,206,174,218
186,171,279,205,174,218
187,171,279,204,173,220
188,171,278,202,173,222
189,171,276,201,172,225
190,172,274,199,171,227
191,172,271,198,171,230
192,172,267,196,170,233
194,172,263,195,169,237
195,171,258,193,169,240
196,171,253,192,169,244
198,171,247,191,168,248
199,171,242,190,168,253
201,171,238,189,167,257
202,170,233,188,167,262
203,170,229,187,166,266
204,170,226,187,166,270
204,170,224,186,166,274
205,170,222,186,166,277
205,170,221,186,166,280
204,171,221,186,166,283
204,171,222,186,166,284
203,171,224,186,166,285
202,171,226,186,166,285
201,171,228,187,166,285
199,172,231,188,166,283
197,172,234,188,166,281
196,172,237,189,167,277
194,172,240,190,167,273
192,172,243,191,168,268
191,172,247,193,169,262
189,172,250,194,169,257
188,172,254,195,170,250
187,172,257,197,170,245
187,171,260,198,171,239
186,171,263,200,171,234
186,170,265,201,172,230
186,170,267,202,172,226
186,169,270,202,172,223
186,169,272,203,172,220
186,168,274,203,172,218
187,168,275,203,172,217
187,168,277,202,172,217
187,167,278,202,172,218
188,167,278,201,172,220
188,167,278,200,171,222
188,167,276,199,171,224
189,168,275,197,170,226
190,168,273,196,169,229
190,168,270,194,169,231
191,169,266,193,168,234
191,169,262,191,168,236
192,170,258,190,167,239
193,170,253,189,167,242
194,171,248,188,166,245
195,171,243,187,166,248
196,172,238,186,165,252
197,172,233,186,165,255
198,173,228,185,165,258
199,173,225,185,165,261
199,173,221,185,164,264
199,173,219,184,164,266
199,173,217,184,165,270
199,172,215,184,165,272
199,172,214,185,165,275
198,171,215,185,166,277
197,170,216,185,166,278
195,169,216,186,167,279
194,168,217,186,168,279
192,167,218,187,168,279
191,165,219,188,169,277
189,163,220,189,170,276
188,161,221,190,170,274
187,159,223,191,171,271
186,157,224,193,172,268
185,154,226,194,172,265
184,152,227,195,173,262
184,150,228,197,174,258
184,148,229,198,174,254
184,146,230,199,175,251
184,144,230,200,175,248
184,143,231,201,175,245
185,141,233,202,175,242
185,140,235,202,175,240
186,140,238,202,175,239
186,140,241,202,175,237
187,140,244,201,174,236
187,141,247,200,174,235
187,142,250,199,173,234
187,143,253,198,172,233
188,145,255,197,171,232
188,147,256,195,170,231
189,149,257,194,168,230
189,151,258,192,167,230
190,154,259,191,165,230
191,156,259,189,163,230
191,159,259,188,162,230
192,161,258,187,160,230
193,164,257,186,159,230
194,166,254,185,157,230
196,168,251,184,156,231
197,170,248,184,155,233
198,171,245,183,155,235
199,173,241,183,154,238
200,174,238,183,154,242
201,176,236,183,154,245
202,177,234,183,154,249
202,178,233,183,154,253
202,178,231,183,155,257
202,179,231,183,156,260
201,179,230,184,158,263
200,179,230,184,159,266
199,179,231,185,161,268
198,179,232,186,163,270
196,178,234,187,164,271
195,178,236,188,166,271
194,177,238,189,168,270
192,177,241,191,169,268
191,176,245,192,170,265
190,176,249,194,172,261
189,175,252,195,173,257
188,174,255,197,174,253
187,173,259,198,175,248
186,172,261,200,176,243
186,171,264,201,176,239
186,170,266,202,176,235
186,169,268,203,177,231
186,168,269,203,177,228
186,168,270,204,176,225
187,167,271,203,176,222
188,167,271,203,175,221
188,167,270,202,175,220
189,166,268,201,174,221
190,166,266,200,174,222
192,166,263,199,173,223
193,166,259,198,171,224
194,166,256,196,170,225
196,166,252,195,169,227
197,166,248,193,167,229
199,167,244,192,166,232
200,168,240,191,164,234
201,169,237,189,162,236
202,169,233,189,161,238
203,170,230,188,160,240
204,170,227,187,159,241
204,170,225,187,158,242
204,170,223,186,157,243
204,170,222,186,156,243
203,170,221,187,156,244
202,169,221,187,156,244
201,169,221,188,157,245
199,168,221,188,157,244
198,167,221,189,158,244
196,166,222,190,160,242
194,164,222,192,161,241
192,162,223,193,163,240
191,160,223,194,164,239
189,158,224,196,166,237
188,156,225,197,168,236
187,154,225,199,169,234
186,153,226,200,171,233
185,151,227,201,173,232
183,149,226,201,173,229
180,145,223,199,171,224
175,141,218,195,168,218
169,135,211,190,164,209
162,129,202,183,158,199
154,121,191,175,151,187
144,113,179,165,143,174
129,101,161,149,130,155
114,90,142,133,116,137
98.8,78.7,124,116,103,118
83.7,67.3,106,100,89,100
68.5,56,87.2,83.6,75.4,81.6
53.2,44.8,68.7,67.1,61.8,63.2
38,33.5,50,50.6,48.1,44.7
